study_accession,accession,condition,run,fq1,fq2
GSE111354,GSM3029032,NS,SRR6798690,/scratch/users/tbencomo/nmsc-data/fastq/SRR6798690_1.fastq,/scratch/users/tbencomo/nmsc-data/fastq/SRR6798690_2.fastq
GSE111354,GSM3029033,NS,SRR6798691,/scratch/users/tbencomo/nmsc-data/fastq/SRR6798691_1.fastq,/scratch/users/tbencomo/nmsc-data/fastq/SRR6798691_2.fastq
GSE111354,GSM3029034,NS,SRR6798692,/scratch/users/tbencomo/nmsc-data/fastq/SRR6798692_1.fastq,/scratch/users/tbencomo/nmsc-data/fastq/SRR6798692_2.fastq
GSE111354,GSM3029035,SCC,SRR6798693,/scratch/users/tbencomo/nmsc-data/fastq/SRR6798693_1.fastq,/scratch/users/tbencomo/nmsc-data/fastq/SRR6798693_2.fastq
GSE111354,GSM3029036,SCC,SRR6798694,/scratch/users/tbencomo/nmsc-data/fastq/SRR6798694_1.fastq,/scratch/users/tbencomo/nmsc-data/fastq/SRR6798694_2.fastq
GSE111354,GSM3029037,SCC,SRR6798695,/scratch/users/tbencomo/nmsc-data/fastq/SRR6798695_1.fastq,/scratch/users/tbencomo/nmsc-data/fastq/SRR6798695_2.fastq
GSE111354,GSM3029038,SCC,SRR6798696,/scratch/users/tbencomo/nmsc-data/fastq/SRR6798696_1.fastq,/scratch/users/tbencomo/nmsc-data/fastq/SRR6798696_2.fastq
GSE111354,GSM3029039,SCC,SRR6798697,/scratch/users/tbencomo/nmsc-data/fastq/SRR6798697_1.fastq,/scratch/users/tbencomo/nmsc-data/fastq/SRR6798697_2.fastq
GSE111354,GSM3029040,SCC,SRR6798698,/scratch/users/tbencomo/nmsc-data/fastq/SRR6798698_1.fastq,/scratch/users/tbencomo/nmsc-data/fastq/SRR6798698_2.fastq
GSE111354,GSM3029041,SCC,SRR6798699,/scratch/users/tbencomo/nmsc-data/fastq/SRR6798699_1.fastq,/scratch/users/tbencomo/nmsc-data/fastq/SRR6798699_2.fastq
GSE111354,GSM3029042,SCC,SRR6798700,/scratch/users/tbencomo/nmsc-data/fastq/SRR6798700_1.fastq,/scratch/users/tbencomo/nmsc-data/fastq/SRR6798700_2.fastq
GSE111354,GSM3029043,SCC,SRR6798701,/scratch/users/tbencomo/nmsc-data/fastq/SRR6798701_1.fastq,/scratch/users/tbencomo/nmsc-data/fastq/SRR6798701_2.fastq
GSE111354,GSM3029044,SCC,SRR6798702,/scratch/users/tbencomo/nmsc-data/fastq/SRR6798702_1.fastq,/scratch/users/tbencomo/nmsc-data/fastq/SRR6798702_2.fastq
GSE111354,GSM3029045,SCC,SRR6798703,/scratch/users/tbencomo/nmsc-data/fastq/SRR6798703_1.fastq,/scratch/users/tbencomo/nmsc-data/fastq/SRR6798703_2.fastq
GSE111354,GSM3029046,SCC,SRR6798704,/scratch/users/tbencomo/nmsc-data/fastq/SRR6798704_1.fastq,/scratch/users/tbencomo/nmsc-data/fastq/SRR6798704_2.fastq
GSE111354,GSM3029047,SCC,SRR6798705,/scratch/users/tbencomo/nmsc-data/fastq/SRR6798705_1.fastq,/scratch/users/tbencomo/nmsc-data/fastq/SRR6798705_2.fastq
GSE111354,GSM3029048,SCC,SRR6798706,/scratch/users/tbencomo/nmsc-data/fastq/SRR6798706_1.fastq,/scratch/users/tbencomo/nmsc-data/fastq/SRR6798706_2.fastq
GSE111354,GSM3029049,SCC,SRR6798707,/scratch/users/tbencomo/nmsc-data/fastq/SRR6798707_1.fastq,/scratch/users/tbencomo/nmsc-data/fastq/SRR6798707_2.fastq
GSE111354,GSM3029050,SCC,SRR6798708,/scratch/users/tbencomo/nmsc-data/fastq/SRR6798708_1.fastq,/scratch/users/tbencomo/nmsc-data/fastq/SRR6798708_2.fastq
GSE111354,GSM3029051,SCC,SRR6798709,/scratch/users/tbencomo/nmsc-data/fastq/SRR6798709_1.fastq,/scratch/users/tbencomo/nmsc-data/fastq/SRR6798709_2.fastq
GSE111354,GSM3029052,SCC,SRR6798710,/scratch/users/tbencomo/nmsc-data/fastq/SRR6798710_1.fastq,/scratch/users/tbencomo/nmsc-data/fastq/SRR6798710_2.fastq
GSE111354,GSM3029053,SCC,SRR6798711,/scratch/users/tbencomo/nmsc-data/fastq/SRR6798711_1.fastq,/scratch/users/tbencomo/nmsc-data/fastq/SRR6798711_2.fastq
GSE111354,GSM3029054,SCC,SRR6798712,/scratch/users/tbencomo/nmsc-data/fastq/SRR6798712_1.fastq,/scratch/users/tbencomo/nmsc-data/fastq/SRR6798712_2.fastq
GSE111582,GSM3034569,SCC,SRR6819030,/scratch/users/tbencomo/nmsc-data/fastq/SRR6819030_1.fastq,/scratch/users/tbencomo/nmsc-data/fastq/SRR6819030_2.fastq
GSE111582,GSM3034570,SCC,SRR6819031,/scratch/users/tbencomo/nmsc-data/fastq/SRR6819031_1.fastq,/scratch/users/tbencomo/nmsc-data/fastq/SRR6819031_2.fastq
GSE111582,GSM3034571,SCC,SRR6819032,/scratch/users/tbencomo/nmsc-data/fastq/SRR6819032_1.fastq,/scratch/users/tbencomo/nmsc-data/fastq/SRR6819032_2.fastq
GSE111582,GSM3034573,SCC,SRR6819034,/scratch/users/tbencomo/nmsc-data/fastq/SRR6819034_1.fastq,/scratch/users/tbencomo/nmsc-data/fastq/SRR6819034_2.fastq
GSE111582,GSM3034574,SCC,SRR6819035,/scratch/users/tbencomo/nmsc-data/fastq/SRR6819035_1.fastq,/scratch/users/tbencomo/nmsc-data/fastq/SRR6819035_2.fastq
GSE111582,GSM3034575,SCC,SRR6819036,/scratch/users/tbencomo/nmsc-data/fastq/SRR6819036_1.fastq,/scratch/users/tbencomo/nmsc-data/fastq/SRR6819036_2.fastq
GSE111582,GSM3034576,SCC,SRR6819037,/scratch/users/tbencomo/nmsc-data/fastq/SRR6819037_1.fastq,/scratch/users/tbencomo/nmsc-data/fastq/SRR6819037_2.fastq
GSE111582,GSM3034577,NS,SRR6819038,/scratch/users/tbencomo/nmsc-data/fastq/SRR6819038_1.fastq,/scratch/users/tbencomo/nmsc-data/fastq/SRR6819038_2.fastq
GSE111582,GSM3034578,NS,SRR6819039,/scratch/users/tbencomo/nmsc-data/fastq/SRR6819039_1.fastq,/scratch/users/tbencomo/nmsc-data/fastq/SRR6819039_2.fastq
GSE111582,GSM3034579,NS,SRR6819040,/scratch/users/tbencomo/nmsc-data/fastq/SRR6819040_1.fastq,/scratch/users/tbencomo/nmsc-data/fastq/SRR6819040_2.fastq
GSE111582,GSM3034580,NS,SRR6819041,/scratch/users/tbencomo/nmsc-data/fastq/SRR6819041_1.fastq,/scratch/users/tbencomo/nmsc-data/fastq/SRR6819041_2.fastq
GSE111582,GSM3034581,NS,SRR6819042,/scratch/users/tbencomo/nmsc-data/fastq/SRR6819042_1.fastq,/scratch/users/tbencomo/nmsc-data/fastq/SRR6819042_2.fastq
GSE111582,GSM3034582,NS,SRR6819043,/scratch/users/tbencomo/nmsc-data/fastq/SRR6819043_1.fastq,/scratch/users/tbencomo/nmsc-data/fastq/SRR6819043_2.fastq
GSE111582,GSM3034583,NS,SRR6819044,/scratch/users/tbencomo/nmsc-data/fastq/SRR6819044_1.fastq,/scratch/users/tbencomo/nmsc-data/fastq/SRR6819044_2.fastq
GSE111582,GSM3034584,NS,SRR6819045,/scratch/users/tbencomo/nmsc-data/fastq/SRR6819045_1.fastq,/scratch/users/tbencomo/nmsc-data/fastq/SRR6819045_2.fastq
GSE111582,GSM3034585,NS,SRR6819046,/scratch/users/tbencomo/nmsc-data/fastq/SRR6819046_1.fastq,/scratch/users/tbencomo/nmsc-data/fastq/SRR6819046_2.fastq
GSE111582,GSM3034586,NS,SRR6819047,/scratch/users/tbencomo/nmsc-data/fastq/SRR6819047_1.fastq,/scratch/users/tbencomo/nmsc-data/fastq/SRR6819047_2.fastq
GSE111582,GSM3034587,SCC,SRR6819048,/scratch/users/tbencomo/nmsc-data/fastq/SRR6819048_1.fastq,/scratch/users/tbencomo/nmsc-data/fastq/SRR6819048_2.fastq
GSE125285,GSM3567640,NS,SRR8452456,/scratch/users/tbencomo/nmsc-data/fastq/SRR8452456_1.fastq,/scratch/users/tbencomo/nmsc-data/fastq/SRR8452456_2.fastq
GSE125285,GSM3567641,BCC,SRR8452457,/scratch/users/tbencomo/nmsc-data/fastq/SRR8452457_1.fastq,/scratch/users/tbencomo/nmsc-data/fastq/SRR8452457_2.fastq
GSE125285,GSM3567642,NS,SRR8452458,/scratch/users/tbencomo/nmsc-data/fastq/SRR8452458_1.fastq,/scratch/users/tbencomo/nmsc-data/fastq/SRR8452458_2.fastq
GSE125285,GSM3567643,BCC,SRR8452459,/scratch/users/tbencomo/nmsc-data/fastq/SRR8452459_1.fastq,/scratch/users/tbencomo/nmsc-data/fastq/SRR8452459_2.fastq
GSE125285,GSM3567644,NS,SRR8452460,/scratch/users/tbencomo/nmsc-data/fastq/SRR8452460_1.fastq,/scratch/users/tbencomo/nmsc-data/fastq/SRR8452460_2.fastq
GSE125285,GSM3567645,BCC,SRR8452461,/scratch/users/tbencomo/nmsc-data/fastq/SRR8452461_1.fastq,/scratch/users/tbencomo/nmsc-data/fastq/SRR8452461_2.fastq
GSE125285,GSM3567646,NS,SRR8452462,/scratch/users/tbencomo/nmsc-data/fastq/SRR8452462_1.fastq,/scratch/users/tbencomo/nmsc-data/fastq/SRR8452462_2.fastq
GSE125285,GSM3567647,BCC,SRR8452463,/scratch/users/tbencomo/nmsc-data/fastq/SRR8452463_1.fastq,/scratch/users/tbencomo/nmsc-data/fastq/SRR8452463_2.fastq
GSE125285,GSM3567648,NS,SRR8452464,/scratch/users/tbencomo/nmsc-data/fastq/SRR8452464_1.fastq,/scratch/users/tbencomo/nmsc-data/fastq/SRR8452464_2.fastq
GSE125285,GSM3567649,BCC,SRR8452465,/scratch/users/tbencomo/nmsc-data/fastq/SRR8452465_1.fastq,/scratch/users/tbencomo/nmsc-data/fastq/SRR8452465_2.fastq
GSE125285,GSM3567650,NS,SRR8452466,/scratch/users/tbencomo/nmsc-data/fastq/SRR8452466_1.fastq,/scratch/users/tbencomo/nmsc-data/fastq/SRR8452466_2.fastq
GSE125285,GSM3567651,BCC,SRR8452467,/scratch/users/tbencomo/nmsc-data/fastq/SRR8452467_1.fastq,/scratch/users/tbencomo/nmsc-data/fastq/SRR8452467_2.fastq
GSE125285,GSM3567652,NS,SRR8452468,/scratch/users/tbencomo/nmsc-data/fastq/SRR8452468_1.fastq,/scratch/users/tbencomo/nmsc-data/fastq/SRR8452468_2.fastq
GSE125285,GSM3567653,BCC,SRR8452469,/scratch/users/tbencomo/nmsc-data/fastq/SRR8452469_1.fastq,/scratch/users/tbencomo/nmsc-data/fastq/SRR8452469_2.fastq
GSE125285,GSM3567654,NS,SRR8452470,/scratch/users/tbencomo/nmsc-data/fastq/SRR8452470_1.fastq,/scratch/users/tbencomo/nmsc-data/fastq/SRR8452470_2.fastq
GSE125285,GSM3567655,BCC,SRR8452471,/scratch/users/tbencomo/nmsc-data/fastq/SRR8452471_1.fastq,/scratch/users/tbencomo/nmsc-data/fastq/SRR8452471_2.fastq
GSE125285,GSM3567656,NS,SRR8452472,/scratch/users/tbencomo/nmsc-data/fastq/SRR8452472_1.fastq,/scratch/users/tbencomo/nmsc-data/fastq/SRR8452472_2.fastq
GSE125285,GSM3567657,BCC,SRR8452473,/scratch/users/tbencomo/nmsc-data/fastq/SRR8452473_1.fastq,/scratch/users/tbencomo/nmsc-data/fastq/SRR8452473_2.fastq
GSE125285,GSM3567658,NS,SRR8452474,/scratch/users/tbencomo/nmsc-data/fastq/SRR8452474_1.fastq,/scratch/users/tbencomo/nmsc-data/fastq/SRR8452474_2.fastq
GSE125285,GSM3567659,BCC,SRR8452475,/scratch/users/tbencomo/nmsc-data/fastq/SRR8452475_1.fastq,/scratch/users/tbencomo/nmsc-data/fastq/SRR8452475_2.fastq
GSE125285,GSM3567660,NS,SRR8452476,/scratch/users/tbencomo/nmsc-data/fastq/SRR8452476_1.fastq,/scratch/users/tbencomo/nmsc-data/fastq/SRR8452476_2.fastq
GSE125285,GSM3567661,BCC,SRR8452477,/scratch/users/tbencomo/nmsc-data/fastq/SRR8452477_1.fastq,/scratch/users/tbencomo/nmsc-data/fastq/SRR8452477_2.fastq
GSE125285,GSM3567662,NS,SRR8452478,/scratch/users/tbencomo/nmsc-data/fastq/SRR8452478_1.fastq,/scratch/users/tbencomo/nmsc-data/fastq/SRR8452478_2.fastq
GSE125285,GSM3567663,BCC,SRR8452479,/scratch/users/tbencomo/nmsc-data/fastq/SRR8452479_1.fastq,/scratch/users/tbencomo/nmsc-data/fastq/SRR8452479_2.fastq
GSE125285,GSM3567664,NS,SRR8452480,/scratch/users/tbencomo/nmsc-data/fastq/SRR8452480_1.fastq,/scratch/users/tbencomo/nmsc-data/fastq/SRR8452480_2.fastq
GSE125285,GSM3567665,BCC,SRR8452481,/scratch/users/tbencomo/nmsc-data/fastq/SRR8452481_1.fastq,/scratch/users/tbencomo/nmsc-data/fastq/SRR8452481_2.fastq
GSE125285,GSM3567666,NS,SRR8452482,/scratch/users/tbencomo/nmsc-data/fastq/SRR8452482_1.fastq,/scratch/users/tbencomo/nmsc-data/fastq/SRR8452482_2.fastq
GSE125285,GSM3567667,BCC,SRR8452483,/scratch/users/tbencomo/nmsc-data/fastq/SRR8452483_1.fastq,/scratch/users/tbencomo/nmsc-data/fastq/SRR8452483_2.fastq
GSE125285,GSM3567668,NS,SRR8452484,/scratch/users/tbencomo/nmsc-data/fastq/SRR8452484_1.fastq,/scratch/users/tbencomo/nmsc-data/fastq/SRR8452484_2.fastq
GSE125285,GSM3567669,BCC,SRR8452485,/scratch/users/tbencomo/nmsc-data/fastq/SRR8452485_1.fastq,/scratch/users/tbencomo/nmsc-data/fastq/SRR8452485_2.fastq
GSE125285,GSM3567670,NS,SRR8452486,/scratch/users/tbencomo/nmsc-data/fastq/SRR8452486_1.fastq,/scratch/users/tbencomo/nmsc-data/fastq/SRR8452486_2.fastq
GSE125285,GSM3567671,BCC,SRR8452487,/scratch/users/tbencomo/nmsc-data/fastq/SRR8452487_1.fastq,/scratch/users/tbencomo/nmsc-data/fastq/SRR8452487_2.fastq
GSE125285,GSM3567672,NS,SRR8452488,/scratch/users/tbencomo/nmsc-data/fastq/SRR8452488_1.fastq,/scratch/users/tbencomo/nmsc-data/fastq/SRR8452488_2.fastq
GSE125285,GSM3567673,BCC,SRR8452489,/scratch/users/tbencomo/nmsc-data/fastq/SRR8452489_1.fastq,/scratch/users/tbencomo/nmsc-data/fastq/SRR8452489_2.fastq
GSE125285,GSM3567674,NS,SRR8452490,/scratch/users/tbencomo/nmsc-data/fastq/SRR8452490_1.fastq,/scratch/users/tbencomo/nmsc-data/fastq/SRR8452490_2.fastq
GSE125285,GSM3567675,BCC,SRR8452491,/scratch/users/tbencomo/nmsc-data/fastq/SRR8452491_1.fastq,/scratch/users/tbencomo/nmsc-data/fastq/SRR8452491_2.fastq
GSE125285,GSM3567676,NS,SRR8452492,/scratch/users/tbencomo/nmsc-data/fastq/SRR8452492_1.fastq,/scratch/users/tbencomo/nmsc-data/fastq/SRR8452492_2.fastq
GSE125285,GSM3567677,BCC,SRR8452493,/scratch/users/tbencomo/nmsc-data/fastq/SRR8452493_1.fastq,/scratch/users/tbencomo/nmsc-data/fastq/SRR8452493_2.fastq
GSE125285,GSM3567678,NS,SRR8452494,/scratch/users/tbencomo/nmsc-data/fastq/SRR8452494_1.fastq,/scratch/users/tbencomo/nmsc-data/fastq/SRR8452494_2.fastq
GSE125285,GSM3567679,BCC,SRR8452495,/scratch/users/tbencomo/nmsc-data/fastq/SRR8452495_1.fastq,/scratch/users/tbencomo/nmsc-data/fastq/SRR8452495_2.fastq
GSE125285,GSM3567680,NS,SRR8452496,/scratch/users/tbencomo/nmsc-data/fastq/SRR8452496_1.fastq,/scratch/users/tbencomo/nmsc-data/fastq/SRR8452496_2.fastq
GSE125285,GSM3567681,BCC,SRR8452497,/scratch/users/tbencomo/nmsc-data/fastq/SRR8452497_1.fastq,/scratch/users/tbencomo/nmsc-data/fastq/SRR8452497_2.fastq
GSE125285,GSM3567682,NS,SRR8452498,/scratch/users/tbencomo/nmsc-data/fastq/SRR8452498_1.fastq,/scratch/users/tbencomo/nmsc-data/fastq/SRR8452498_2.fastq
GSE125285,GSM3567683,BCC,SRR8452499,/scratch/users/tbencomo/nmsc-data/fastq/SRR8452499_1.fastq,/scratch/users/tbencomo/nmsc-data/fastq/SRR8452499_2.fastq
GSE125285,GSM3567684,NS,SRR8452500,/scratch/users/tbencomo/nmsc-data/fastq/SRR8452500_1.fastq,/scratch/users/tbencomo/nmsc-data/fastq/SRR8452500_2.fastq
GSE125285,GSM3567685,BCC,SRR8452501,/scratch/users/tbencomo/nmsc-data/fastq/SRR8452501_1.fastq,/scratch/users/tbencomo/nmsc-data/fastq/SRR8452501_2.fastq
GSE125285,GSM3567686,NS,SRR8452502,/scratch/users/tbencomo/nmsc-data/fastq/SRR8452502_1.fastq,/scratch/users/tbencomo/nmsc-data/fastq/SRR8452502_2.fastq
GSE125285,GSM3567687,BCC,SRR8452503,/scratch/users/tbencomo/nmsc-data/fastq/SRR8452503_1.fastq,/scratch/users/tbencomo/nmsc-data/fastq/SRR8452503_2.fastq
GSE125285,GSM3567688,NS,SRR8452504,/scratch/users/tbencomo/nmsc-data/fastq/SRR8452504_1.fastq,/scratch/users/tbencomo/nmsc-data/fastq/SRR8452504_2.fastq
GSE125285,GSM3567689,BCC,SRR8452505,/scratch/users/tbencomo/nmsc-data/fastq/SRR8452505_1.fastq,/scratch/users/tbencomo/nmsc-data/fastq/SRR8452505_2.fastq
GSE125285,GSM3567690,NS,SRR8452506,/scratch/users/tbencomo/nmsc-data/fastq/SRR8452506_1.fastq,/scratch/users/tbencomo/nmsc-data/fastq/SRR8452506_2.fastq
GSE125285,GSM3567691,SCC,SRR8452507,/scratch/users/tbencomo/nmsc-data/fastq/SRR8452507_1.fastq,/scratch/users/tbencomo/nmsc-data/fastq/SRR8452507_2.fastq
GSE125285,GSM3567692,NS,SRR8452508,/scratch/users/tbencomo/nmsc-data/fastq/SRR8452508_1.fastq,/scratch/users/tbencomo/nmsc-data/fastq/SRR8452508_2.fastq
GSE125285,GSM3567693,SCC,SRR8452509,/scratch/users/tbencomo/nmsc-data/fastq/SRR8452509_1.fastq,/scratch/users/tbencomo/nmsc-data/fastq/SRR8452509_2.fastq
GSE125285,GSM3567694,NS,SRR8452510,/scratch/users/tbencomo/nmsc-data/fastq/SRR8452510_1.fastq,/scratch/users/tbencomo/nmsc-data/fastq/SRR8452510_2.fastq
GSE125285,GSM3567695,SCC,SRR8452511,/scratch/users/tbencomo/nmsc-data/fastq/SRR8452511_1.fastq,/scratch/users/tbencomo/nmsc-data/fastq/SRR8452511_2.fastq
GSE125285,GSM3567696,NS,SRR8452512,/scratch/users/tbencomo/nmsc-data/fastq/SRR8452512_1.fastq,/scratch/users/tbencomo/nmsc-data/fastq/SRR8452512_2.fastq
GSE125285,GSM3567697,SCC,SRR8452513,/scratch/users/tbencomo/nmsc-data/fastq/SRR8452513_1.fastq,/scratch/users/tbencomo/nmsc-data/fastq/SRR8452513_2.fastq
GSE125285,GSM3567698,NS,SRR8452514,/scratch/users/tbencomo/nmsc-data/fastq/SRR8452514_1.fastq,/scratch/users/tbencomo/nmsc-data/fastq/SRR8452514_2.fastq
GSE125285,GSM3567699,SCC,SRR8452515,/scratch/users/tbencomo/nmsc-data/fastq/SRR8452515_1.fastq,/scratch/users/tbencomo/nmsc-data/fastq/SRR8452515_2.fastq
GSE125285,GSM3567700,NS,SRR8452516,/scratch/users/tbencomo/nmsc-data/fastq/SRR8452516_1.fastq,/scratch/users/tbencomo/nmsc-data/fastq/SRR8452516_2.fastq
GSE125285,GSM3567701,SCC,SRR8452517,/scratch/users/tbencomo/nmsc-data/fastq/SRR8452517_1.fastq,/scratch/users/tbencomo/nmsc-data/fastq/SRR8452517_2.fastq
GSE125285,GSM3567702,NS,SRR8452518,/scratch/users/tbencomo/nmsc-data/fastq/SRR8452518_1.fastq,/scratch/users/tbencomo/nmsc-data/fastq/SRR8452518_2.fastq
GSE125285,GSM3567703,SCC,SRR8452519,/scratch/users/tbencomo/nmsc-data/fastq/SRR8452519_1.fastq,/scratch/users/tbencomo/nmsc-data/fastq/SRR8452519_2.fastq
GSE125285,GSM3567704,NS,SRR8452520,/scratch/users/tbencomo/nmsc-data/fastq/SRR8452520_1.fastq,/scratch/users/tbencomo/nmsc-data/fastq/SRR8452520_2.fastq
GSE125285,GSM3567705,SCC,SRR8452521,/scratch/users/tbencomo/nmsc-data/fastq/SRR8452521_1.fastq,/scratch/users/tbencomo/nmsc-data/fastq/SRR8452521_2.fastq
GSE125285,GSM3567706,NS,SRR8452522,/scratch/users/tbencomo/nmsc-data/fastq/SRR8452522_1.fastq,/scratch/users/tbencomo/nmsc-data/fastq/SRR8452522_2.fastq
GSE125285,GSM3567707,SCC,SRR8452523,/scratch/users/tbencomo/nmsc-data/fastq/SRR8452523_1.fastq,/scratch/users/tbencomo/nmsc-data/fastq/SRR8452523_2.fastq
GSE125285,GSM3567708,NS,SRR8452524,/scratch/users/tbencomo/nmsc-data/fastq/SRR8452524_1.fastq,/scratch/users/tbencomo/nmsc-data/fastq/SRR8452524_2.fastq
GSE125285,GSM3567709,SCC,SRR8452525,/scratch/users/tbencomo/nmsc-data/fastq/SRR8452525_1.fastq,/scratch/users/tbencomo/nmsc-data/fastq/SRR8452525_2.fastq
GSE128786,GSM3684931,BCC,SRR8778568,/scratch/users/tbencomo/nmsc-data/fastq/SRR8778568.fastq,NA
GSE128786,GSM3684932,BCC,SRR8778572,/scratch/users/tbencomo/nmsc-data/fastq/SRR8778572.fastq,NA
GSE128786,GSM3684933,BCC,SRR8778576,/scratch/users/tbencomo/nmsc-data/fastq/SRR8778576.fastq,NA
GSE128786,GSM3684934,BCC,SRR8778580,/scratch/users/tbencomo/nmsc-data/fastq/SRR8778580.fastq,NA
GSE128786,GSM3684935,BCC,SRR8778584,/scratch/users/tbencomo/nmsc-data/fastq/SRR8778584.fastq,NA
GSE139505,GSM4142607,NS,SRR10357028,/scratch/users/tbencomo/nmsc-data/fastq/SRR10357028_1.fastq,/scratch/users/tbencomo/nmsc-data/fastq/SRR10357028_2.fastq
GSE139505,GSM4142608,NS,SRR10357029,/scratch/users/tbencomo/nmsc-data/fastq/SRR10357029_1.fastq,/scratch/users/tbencomo/nmsc-data/fastq/SRR10357029_2.fastq
GSE139505,GSM4142609,NS,SRR10357030,/scratch/users/tbencomo/nmsc-data/fastq/SRR10357030_1.fastq,/scratch/users/tbencomo/nmsc-data/fastq/SRR10357030_2.fastq
GSE139505,GSM4142610,NS,SRR10357031,/scratch/users/tbencomo/nmsc-data/fastq/SRR10357031_1.fastq,/scratch/users/tbencomo/nmsc-data/fastq/SRR10357031_2.fastq
GSE139505,GSM4142611,NS,SRR10357032,/scratch/users/tbencomo/nmsc-data/fastq/SRR10357032_1.fastq,/scratch/users/tbencomo/nmsc-data/fastq/SRR10357032_2.fastq
GSE139505,GSM4142612,NS,SRR10357033,/scratch/users/tbencomo/nmsc-data/fastq/SRR10357033_1.fastq,/scratch/users/tbencomo/nmsc-data/fastq/SRR10357033_2.fastq
GSE139505,GSM4142613,NS,SRR10357034,/scratch/users/tbencomo/nmsc-data/fastq/SRR10357034_1.fastq,/scratch/users/tbencomo/nmsc-data/fastq/SRR10357034_2.fastq
GSE139505,GSM4142614,SCC,SRR10357035,/scratch/users/tbencomo/nmsc-data/fastq/SRR10357035_1.fastq,/scratch/users/tbencomo/nmsc-data/fastq/SRR10357035_2.fastq
GSE139505,GSM4142615,SCC,SRR10357036,/scratch/users/tbencomo/nmsc-data/fastq/SRR10357036_1.fastq,/scratch/users/tbencomo/nmsc-data/fastq/SRR10357036_2.fastq
GSE139505,GSM4142616,SCC,SRR10357037,/scratch/users/tbencomo/nmsc-data/fastq/SRR10357037_1.fastq,/scratch/users/tbencomo/nmsc-data/fastq/SRR10357037_2.fastq
GSE139505,GSM4142617,SCC,SRR10357038,/scratch/users/tbencomo/nmsc-data/fastq/SRR10357038_1.fastq,/scratch/users/tbencomo/nmsc-data/fastq/SRR10357038_2.fastq
GSE139505,GSM4142618,SCC,SRR10357039,/scratch/users/tbencomo/nmsc-data/fastq/SRR10357039_1.fastq,/scratch/users/tbencomo/nmsc-data/fastq/SRR10357039_2.fastq
GSE139505,GSM4142619,SCC,SRR10357040,/scratch/users/tbencomo/nmsc-data/fastq/SRR10357040_1.fastq,/scratch/users/tbencomo/nmsc-data/fastq/SRR10357040_2.fastq
GSE139505,GSM4142620,SCC,SRR10357041,/scratch/users/tbencomo/nmsc-data/fastq/SRR10357041_1.fastq,/scratch/users/tbencomo/nmsc-data/fastq/SRR10357041_2.fastq
GSE139505,GSM4142621,SCC,SRR10357042,/scratch/users/tbencomo/nmsc-data/fastq/SRR10357042_1.fastq,/scratch/users/tbencomo/nmsc-data/fastq/SRR10357042_2.fastq
GSE139505,GSM4142622,SCC,SRR10357043,/scratch/users/tbencomo/nmsc-data/fastq/SRR10357043_1.fastq,/scratch/users/tbencomo/nmsc-data/fastq/SRR10357043_2.fastq
GSE156171,GSM4725965,BCC,SRR12446366,/scratch/users/tbencomo/nmsc-data/fastq/SRR12446366_1.fastq,/scratch/users/tbencomo/nmsc-data/fastq/SRR12446366_2.fastq
GSE156171,GSM4725966,BCC,SRR12446367,/scratch/users/tbencomo/nmsc-data/fastq/SRR12446367_1.fastq,/scratch/users/tbencomo/nmsc-data/fastq/SRR12446367_2.fastq
GSE156171,GSM4725967,BCC,SRR12446368,/scratch/users/tbencomo/nmsc-data/fastq/SRR12446368_1.fastq,/scratch/users/tbencomo/nmsc-data/fastq/SRR12446368_2.fastq
GSE156171,GSM4725968,BCC,SRR12446369,/scratch/users/tbencomo/nmsc-data/fastq/SRR12446369_1.fastq,/scratch/users/tbencomo/nmsc-data/fastq/SRR12446369_2.fastq
GSE156171,GSM4725969,BCC,SRR12446370,/scratch/users/tbencomo/nmsc-data/fastq/SRR12446370_1.fastq,/scratch/users/tbencomo/nmsc-data/fastq/SRR12446370_2.fastq
GSE156171,GSM4725970,BCC,SRR12446371,/scratch/users/tbencomo/nmsc-data/fastq/SRR12446371_1.fastq,/scratch/users/tbencomo/nmsc-data/fastq/SRR12446371_2.fastq
GSE156171,GSM4725971,BCC,SRR12446372,/scratch/users/tbencomo/nmsc-data/fastq/SRR12446372_1.fastq,/scratch/users/tbencomo/nmsc-data/fastq/SRR12446372_2.fastq
GSE156171,GSM4725972,BCC,SRR12446373,/scratch/users/tbencomo/nmsc-data/fastq/SRR12446373_1.fastq,/scratch/users/tbencomo/nmsc-data/fastq/SRR12446373_2.fastq
GSE156171,GSM4725973,BCC,SRR12446374,/scratch/users/tbencomo/nmsc-data/fastq/SRR12446374_1.fastq,/scratch/users/tbencomo/nmsc-data/fastq/SRR12446374_2.fastq
GSE156171,GSM4725974,BCC,SRR12446375,/scratch/users/tbencomo/nmsc-data/fastq/SRR12446375_1.fastq,/scratch/users/tbencomo/nmsc-data/fastq/SRR12446375_2.fastq
GSE156171,GSM4725975,BCC,SRR12446376,/scratch/users/tbencomo/nmsc-data/fastq/SRR12446376_1.fastq,/scratch/users/tbencomo/nmsc-data/fastq/SRR12446376_2.fastq
GSE156171,GSM4725976,BCC,SRR12446377,/scratch/users/tbencomo/nmsc-data/fastq/SRR12446377_1.fastq,/scratch/users/tbencomo/nmsc-data/fastq/SRR12446377_2.fastq
GSE156171,GSM4725977,BCC,SRR12446378,/scratch/users/tbencomo/nmsc-data/fastq/SRR12446378_1.fastq,/scratch/users/tbencomo/nmsc-data/fastq/SRR12446378_2.fastq
GSE156171,GSM4725978,BCC,SRR12446379,/scratch/users/tbencomo/nmsc-data/fastq/SRR12446379_1.fastq,/scratch/users/tbencomo/nmsc-data/fastq/SRR12446379_2.fastq
GSE156171,GSM4725979,BCC,SRR12446380,/scratch/users/tbencomo/nmsc-data/fastq/SRR12446380_1.fastq,/scratch/users/tbencomo/nmsc-data/fastq/SRR12446380_2.fastq
GSE156171,GSM4725980,BCC,SRR12446381,/scratch/users/tbencomo/nmsc-data/fastq/SRR12446381_1.fastq,/scratch/users/tbencomo/nmsc-data/fastq/SRR12446381_2.fastq
GSE156171,GSM4725981,BCC,SRR12446382,/scratch/users/tbencomo/nmsc-data/fastq/SRR12446382_1.fastq,/scratch/users/tbencomo/nmsc-data/fastq/SRR12446382_2.fastq
GSE156171,GSM4725982,BCC,SRR12446383,/scratch/users/tbencomo/nmsc-data/fastq/SRR12446383_1.fastq,/scratch/users/tbencomo/nmsc-data/fastq/SRR12446383_2.fastq
GSE156171,GSM4725983,BCC,SRR12446384,/scratch/users/tbencomo/nmsc-data/fastq/SRR12446384_1.fastq,/scratch/users/tbencomo/nmsc-data/fastq/SRR12446384_2.fastq
GSE156171,GSM4725984,BCC,SRR12446385,/scratch/users/tbencomo/nmsc-data/fastq/SRR12446385_1.fastq,/scratch/users/tbencomo/nmsc-data/fastq/SRR12446385_2.fastq
GSE156171,GSM4725985,BCC,SRR12446386,/scratch/users/tbencomo/nmsc-data/fastq/SRR12446386_1.fastq,/scratch/users/tbencomo/nmsc-data/fastq/SRR12446386_2.fastq
GSE156171,GSM4725986,BCC,SRR12446387,/scratch/users/tbencomo/nmsc-data/fastq/SRR12446387_1.fastq,/scratch/users/tbencomo/nmsc-data/fastq/SRR12446387_2.fastq
GSE156171,GSM4725987,BCC,SRR12446388,/scratch/users/tbencomo/nmsc-data/fastq/SRR12446388_1.fastq,/scratch/users/tbencomo/nmsc-data/fastq/SRR12446388_2.fastq
GSE156171,GSM4725988,BCC,SRR12446389,/scratch/users/tbencomo/nmsc-data/fastq/SRR12446389_1.fastq,/scratch/users/tbencomo/nmsc-data/fastq/SRR12446389_2.fastq
GSE156171,GSM4725989,BCC,SRR12446390,/scratch/users/tbencomo/nmsc-data/fastq/SRR12446390_1.fastq,/scratch/users/tbencomo/nmsc-data/fastq/SRR12446390_2.fastq
GSE156171,GSM4725990,BCC,SRR12446391,/scratch/users/tbencomo/nmsc-data/fastq/SRR12446391_1.fastq,/scratch/users/tbencomo/nmsc-data/fastq/SRR12446391_2.fastq
GSE156171,GSM4725991,BCC,SRR12446392,/scratch/users/tbencomo/nmsc-data/fastq/SRR12446392_1.fastq,/scratch/users/tbencomo/nmsc-data/fastq/SRR12446392_2.fastq
GSE156171,GSM4725992,BCC,SRR12446393,/scratch/users/tbencomo/nmsc-data/fastq/SRR12446393_1.fastq,/scratch/users/tbencomo/nmsc-data/fastq/SRR12446393_2.fastq
GSE156171,GSM4725993,BCC,SRR12446394,/scratch/users/tbencomo/nmsc-data/fastq/SRR12446394_1.fastq,/scratch/users/tbencomo/nmsc-data/fastq/SRR12446394_2.fastq
GSE58375,GSM1409334,NS,SRR1374334,/scratch/users/tbencomo/nmsc-data/fastq/SRR1374334_1.fastq,/scratch/users/tbencomo/nmsc-data/fastq/SRR1374334_2.fastq
GSE58375,GSM1409335,NS,SRR1374335,/scratch/users/tbencomo/nmsc-data/fastq/SRR1374335_1.fastq,/scratch/users/tbencomo/nmsc-data/fastq/SRR1374335_2.fastq
GSE58375,GSM1409336,NS,SRR1374336,/scratch/users/tbencomo/nmsc-data/fastq/SRR1374336_1.fastq,/scratch/users/tbencomo/nmsc-data/fastq/SRR1374336_2.fastq
GSE58375,GSM1409337,NS,SRR1374337,/scratch/users/tbencomo/nmsc-data/fastq/SRR1374337_1.fastq,/scratch/users/tbencomo/nmsc-data/fastq/SRR1374337_2.fastq
GSE58375,GSM1409338,NS,SRR1374338,/scratch/users/tbencomo/nmsc-data/fastq/SRR1374338_1.fastq,/scratch/users/tbencomo/nmsc-data/fastq/SRR1374338_2.fastq
GSE58375,GSM1409339,NS,SRR1374339,/scratch/users/tbencomo/nmsc-data/fastq/SRR1374339_1.fastq,/scratch/users/tbencomo/nmsc-data/fastq/SRR1374339_2.fastq
GSE58375,GSM1409340,NS,SRR1374340,/scratch/users/tbencomo/nmsc-data/fastq/SRR1374340_1.fastq,/scratch/users/tbencomo/nmsc-data/fastq/SRR1374340_2.fastq
GSE58375,GSM1409341,NS,SRR1374341,/scratch/users/tbencomo/nmsc-data/fastq/SRR1374341_1.fastq,/scratch/users/tbencomo/nmsc-data/fastq/SRR1374341_2.fastq
GSE58375,GSM1409342,BCC,SRR1374342,/scratch/users/tbencomo/nmsc-data/fastq/SRR1374342_1.fastq,/scratch/users/tbencomo/nmsc-data/fastq/SRR1374342_2.fastq
GSE58375,GSM1409343,BCC,SRR1374343,/scratch/users/tbencomo/nmsc-data/fastq/SRR1374343_1.fastq,/scratch/users/tbencomo/nmsc-data/fastq/SRR1374343_2.fastq
GSE58375,GSM1409344,BCC,SRR1374344,/scratch/users/tbencomo/nmsc-data/fastq/SRR1374344_1.fastq,/scratch/users/tbencomo/nmsc-data/fastq/SRR1374344_2.fastq
GSE58375,GSM1409345,BCC,SRR1374345,/scratch/users/tbencomo/nmsc-data/fastq/SRR1374345_1.fastq,/scratch/users/tbencomo/nmsc-data/fastq/SRR1374345_2.fastq
GSE58375,GSM1409346,BCC,SRR1374346,/scratch/users/tbencomo/nmsc-data/fastq/SRR1374346_1.fastq,/scratch/users/tbencomo/nmsc-data/fastq/SRR1374346_2.fastq
GSE58375,GSM1409347,BCC,SRR1374347,/scratch/users/tbencomo/nmsc-data/fastq/SRR1374347_1.fastq,/scratch/users/tbencomo/nmsc-data/fastq/SRR1374347_2.fastq
GSE58375,GSM1409348,BCC,SRR1374348,/scratch/users/tbencomo/nmsc-data/fastq/SRR1374348_1.fastq,/scratch/users/tbencomo/nmsc-data/fastq/SRR1374348_2.fastq
GSE58375,GSM1409349,BCC,SRR1374349,/scratch/users/tbencomo/nmsc-data/fastq/SRR1374349_1.fastq,/scratch/users/tbencomo/nmsc-data/fastq/SRR1374349_2.fastq
GSE58375,GSM1409350,BCC,SRR1374350,/scratch/users/tbencomo/nmsc-data/fastq/SRR1374350_1.fastq,/scratch/users/tbencomo/nmsc-data/fastq/SRR1374350_2.fastq
GSE58375,GSM1409351,BCC,SRR1374351,/scratch/users/tbencomo/nmsc-data/fastq/SRR1374351_1.fastq,/scratch/users/tbencomo/nmsc-data/fastq/SRR1374351_2.fastq
GSE58375,GSM1409352,BCC,SRR1374352,/scratch/users/tbencomo/nmsc-data/fastq/SRR1374352_1.fastq,/scratch/users/tbencomo/nmsc-data/fastq/SRR1374352_2.fastq
GSE58375,GSM1409353,BCC,SRR1374353,/scratch/users/tbencomo/nmsc-data/fastq/SRR1374353_1.fastq,/scratch/users/tbencomo/nmsc-data/fastq/SRR1374353_2.fastq
GSE58375,GSM1409354,BCC,SRR1374354,/scratch/users/tbencomo/nmsc-data/fastq/SRR1374354_1.fastq,/scratch/users/tbencomo/nmsc-data/fastq/SRR1374354_2.fastq
GSE84293,GSM2231157,AK,SRR3877297,/scratch/users/tbencomo/nmsc-data/fastq/SRR3877297_1.fastq,/scratch/users/tbencomo/nmsc-data/fastq/SRR3877297_2.fastq
GSE84293,GSM2231158,NS,SRR3877298,/scratch/users/tbencomo/nmsc-data/fastq/SRR3877298_1.fastq,/scratch/users/tbencomo/nmsc-data/fastq/SRR3877298_2.fastq
GSE84293,GSM2231159,AK,SRR3877299,/scratch/users/tbencomo/nmsc-data/fastq/SRR3877299_1.fastq,/scratch/users/tbencomo/nmsc-data/fastq/SRR3877299_2.fastq
GSE84293,GSM2231160,SCC,SRR3877300,/scratch/users/tbencomo/nmsc-data/fastq/SRR3877300_1.fastq,/scratch/users/tbencomo/nmsc-data/fastq/SRR3877300_2.fastq
GSE84293,GSM2231161,NS,SRR3877301,/scratch/users/tbencomo/nmsc-data/fastq/SRR3877301_1.fastq,/scratch/users/tbencomo/nmsc-data/fastq/SRR3877301_2.fastq
GSE84293,GSM2231162,AK,SRR3877302,/scratch/users/tbencomo/nmsc-data/fastq/SRR3877302_1.fastq,/scratch/users/tbencomo/nmsc-data/fastq/SRR3877302_2.fastq
GSE84293,GSM2231163,SCC,SRR3877303,/scratch/users/tbencomo/nmsc-data/fastq/SRR3877303_1.fastq,/scratch/users/tbencomo/nmsc-data/fastq/SRR3877303_2.fastq
GSE84293,GSM2231164,NS,SRR3877304,/scratch/users/tbencomo/nmsc-data/fastq/SRR3877304_1.fastq,/scratch/users/tbencomo/nmsc-data/fastq/SRR3877304_2.fastq
GSE84293,GSM2231165,AK,SRR3877305,/scratch/users/tbencomo/nmsc-data/fastq/SRR3877305_1.fastq,/scratch/users/tbencomo/nmsc-data/fastq/SRR3877305_2.fastq
GSE84293,GSM2231166,AK,SRR3877306,/scratch/users/tbencomo/nmsc-data/fastq/SRR3877306_1.fastq,/scratch/users/tbencomo/nmsc-data/fastq/SRR3877306_2.fastq
GSE84293,GSM2231167,SCC,SRR3877307,/scratch/users/tbencomo/nmsc-data/fastq/SRR3877307_1.fastq,/scratch/users/tbencomo/nmsc-data/fastq/SRR3877307_2.fastq
GSE84293,GSM2231168,SCC,SRR3877308,/scratch/users/tbencomo/nmsc-data/fastq/SRR3877308_1.fastq,/scratch/users/tbencomo/nmsc-data/fastq/SRR3877308_2.fastq
GSE84293,GSM2231169,NS,SRR3877309,/scratch/users/tbencomo/nmsc-data/fastq/SRR3877309_1.fastq,/scratch/users/tbencomo/nmsc-data/fastq/SRR3877309_2.fastq
GSE84293,GSM2231170,AK,SRR3877310,/scratch/users/tbencomo/nmsc-data/fastq/SRR3877310_1.fastq,/scratch/users/tbencomo/nmsc-data/fastq/SRR3877310_2.fastq
GSE84293,GSM2231171,SCC,SRR3877311,/scratch/users/tbencomo/nmsc-data/fastq/SRR3877311_1.fastq,/scratch/users/tbencomo/nmsc-data/fastq/SRR3877311_2.fastq
GSE84293,GSM2231172,NS,SRR3877312,/scratch/users/tbencomo/nmsc-data/fastq/SRR3877312_1.fastq,/scratch/users/tbencomo/nmsc-data/fastq/SRR3877312_2.fastq
GSE84293,GSM2231173,AK,SRR3877313,/scratch/users/tbencomo/nmsc-data/fastq/SRR3877313_1.fastq,/scratch/users/tbencomo/nmsc-data/fastq/SRR3877313_2.fastq
GSE84293,GSM2231174,SCC,SRR3877314,/scratch/users/tbencomo/nmsc-data/fastq/SRR3877314_1.fastq,/scratch/users/tbencomo/nmsc-data/fastq/SRR3877314_2.fastq
GSE84293,GSM2231175,NS,SRR3877315,/scratch/users/tbencomo/nmsc-data/fastq/SRR3877315_1.fastq,/scratch/users/tbencomo/nmsc-data/fastq/SRR3877315_2.fastq
GSE84293,GSM2231176,AK,SRR3877316,/scratch/users/tbencomo/nmsc-data/fastq/SRR3877316_1.fastq,/scratch/users/tbencomo/nmsc-data/fastq/SRR3877316_2.fastq
GSE84293,GSM2231177,SCC,SRR3877317,/scratch/users/tbencomo/nmsc-data/fastq/SRR3877317_1.fastq,/scratch/users/tbencomo/nmsc-data/fastq/SRR3877317_2.fastq
GSE84293,GSM2231178,NS,SRR3877318,/scratch/users/tbencomo/nmsc-data/fastq/SRR3877318_1.fastq,/scratch/users/tbencomo/nmsc-data/fastq/SRR3877318_2.fastq
GSE84293,GSM2231179,AK,SRR3877319,/scratch/users/tbencomo/nmsc-data/fastq/SRR3877319_1.fastq,/scratch/users/tbencomo/nmsc-data/fastq/SRR3877319_2.fastq
GSE84293,GSM2231180,SCC,SRR3877320,/scratch/users/tbencomo/nmsc-data/fastq/SRR3877320_1.fastq,/scratch/users/tbencomo/nmsc-data/fastq/SRR3877320_2.fastq
GSE84293,GSM2231181,AK,SRR3877321,/scratch/users/tbencomo/nmsc-data/fastq/SRR3877321_1.fastq,/scratch/users/tbencomo/nmsc-data/fastq/SRR3877321_2.fastq
GSE84293,GSM2231182,SCC,SRR3877322,/scratch/users/tbencomo/nmsc-data/fastq/SRR3877322_1.fastq,/scratch/users/tbencomo/nmsc-data/fastq/SRR3877322_2.fastq
E-MTAB-5678,ERS1721581,AK,ERR1971038,/scratch/users/tbencomo/nmsc-data/fastq/ERR1971038_1.fastq.gz,/scratch/users/tbencomo/nmsc-data/fastq/ERR1971038_2.fastq.gz
E-MTAB-5678,ERS1721582,AK,ERR1971039,/scratch/users/tbencomo/nmsc-data/fastq/ERR1971039_1.fastq.gz,/scratch/users/tbencomo/nmsc-data/fastq/ERR1971039_2.fastq.gz
E-MTAB-5678,ERS1721583,AK,ERR1971040,/scratch/users/tbencomo/nmsc-data/fastq/ERR1971040_1.fastq.gz,/scratch/users/tbencomo/nmsc-data/fastq/ERR1971040_2.fastq.gz
E-MTAB-5678,ERS1721584,AK,ERR1971041,/scratch/users/tbencomo/nmsc-data/fastq/ERR1971041_1.fastq.gz,/scratch/users/tbencomo/nmsc-data/fastq/ERR1971041_2.fastq.gz
E-MTAB-5678,ERS1721585,AK,ERR1971042,/scratch/users/tbencomo/nmsc-data/fastq/ERR1971042_1.fastq.gz,/scratch/users/tbencomo/nmsc-data/fastq/ERR1971042_2.fastq.gz
E-MTAB-5678,ERS1721586,AK,ERR1971043,/scratch/users/tbencomo/nmsc-data/fastq/ERR1971043_1.fastq.gz,/scratch/users/tbencomo/nmsc-data/fastq/ERR1971043_2.fastq.gz
E-MTAB-5678,ERS1721587,AK,ERR1971044,/scratch/users/tbencomo/nmsc-data/fastq/ERR1971044_1.fastq.gz,/scratch/users/tbencomo/nmsc-data/fastq/ERR1971044_2.fastq.gz
E-MTAB-5678,ERS1721588,AK,ERR1971045,/scratch/users/tbencomo/nmsc-data/fastq/ERR1971045_1.fastq.gz,/scratch/users/tbencomo/nmsc-data/fastq/ERR1971045_2.fastq.gz
E-MTAB-5678,ERS1721589,AK,ERR1971046,/scratch/users/tbencomo/nmsc-data/fastq/ERR1971046_1.fastq.gz,/scratch/users/tbencomo/nmsc-data/fastq/ERR1971046_2.fastq.gz
E-MTAB-5678,ERS1721590,AK,ERR1971047,/scratch/users/tbencomo/nmsc-data/fastq/ERR1971047_1.fastq.gz,/scratch/users/tbencomo/nmsc-data/fastq/ERR1971047_2.fastq.gz
E-MTAB-5678,ERS1721591,AK,ERR1971048,/scratch/users/tbencomo/nmsc-data/fastq/ERR1971048_1.fastq.gz,/scratch/users/tbencomo/nmsc-data/fastq/ERR1971048_2.fastq.gz
E-MTAB-5678,ERS1721592,AK,ERR1971049,/scratch/users/tbencomo/nmsc-data/fastq/ERR1971049_1.fastq.gz,/scratch/users/tbencomo/nmsc-data/fastq/ERR1971049_2.fastq.gz
E-MTAB-5678,ERS1721593,AK,ERR1971050,/scratch/users/tbencomo/nmsc-data/fastq/ERR1971050_1.fastq.gz,/scratch/users/tbencomo/nmsc-data/fastq/ERR1971050_2.fastq.gz
E-MTAB-5678,ERS1721594,IEC,ERR1971051,/scratch/users/tbencomo/nmsc-data/fastq/ERR1971051_1.fastq.gz,/scratch/users/tbencomo/nmsc-data/fastq/ERR1971051_2.fastq.gz
E-MTAB-5678,ERS1721595,IEC,ERR1971052,/scratch/users/tbencomo/nmsc-data/fastq/ERR1971052_1.fastq.gz,/scratch/users/tbencomo/nmsc-data/fastq/ERR1971052_2.fastq.gz
E-MTAB-5678,ERS1721596,IEC,ERR1971053,/scratch/users/tbencomo/nmsc-data/fastq/ERR1971053_1.fastq.gz,/scratch/users/tbencomo/nmsc-data/fastq/ERR1971053_2.fastq.gz
E-MTAB-5678,ERS1721597,IEC,ERR1971054,/scratch/users/tbencomo/nmsc-data/fastq/ERR1971054_1.fastq.gz,/scratch/users/tbencomo/nmsc-data/fastq/ERR1971054_2.fastq.gz
E-MTAB-5678,ERS1721598,IEC,ERR1971055,/scratch/users/tbencomo/nmsc-data/fastq/ERR1971055_1.fastq.gz,/scratch/users/tbencomo/nmsc-data/fastq/ERR1971055_2.fastq.gz
E-MTAB-5678,ERS1721599,IEC,ERR1971056,/scratch/users/tbencomo/nmsc-data/fastq/ERR1971056_1.fastq.gz,/scratch/users/tbencomo/nmsc-data/fastq/ERR1971056_2.fastq.gz
E-MTAB-5678,ERS1721600,IEC,ERR1971057,/scratch/users/tbencomo/nmsc-data/fastq/ERR1971057_1.fastq.gz,/scratch/users/tbencomo/nmsc-data/fastq/ERR1971057_2.fastq.gz
E-MTAB-5678,ERS1721601,NS,ERR1971058,/scratch/users/tbencomo/nmsc-data/fastq/ERR1971058_1.fastq.gz,/scratch/users/tbencomo/nmsc-data/fastq/ERR1971058_2.fastq.gz
E-MTAB-5678,ERS1721602,NS,ERR1971059,/scratch/users/tbencomo/nmsc-data/fastq/ERR1971059_1.fastq.gz,/scratch/users/tbencomo/nmsc-data/fastq/ERR1971059_2.fastq.gz
E-MTAB-5678,ERS1721603,NS,ERR1971060,/scratch/users/tbencomo/nmsc-data/fastq/ERR1971060_1.fastq.gz,/scratch/users/tbencomo/nmsc-data/fastq/ERR1971060_2.fastq.gz
E-MTAB-5678,ERS1721604,NS,ERR1971061,/scratch/users/tbencomo/nmsc-data/fastq/ERR1971061_1.fastq.gz,/scratch/users/tbencomo/nmsc-data/fastq/ERR1971061_2.fastq.gz
E-MTAB-5678,ERS1721605,SCC,ERR1971062,/scratch/users/tbencomo/nmsc-data/fastq/ERR1971062_1.fastq.gz,/scratch/users/tbencomo/nmsc-data/fastq/ERR1971062_2.fastq.gz
E-MTAB-5678,ERS1721606,SCC,ERR1971063,/scratch/users/tbencomo/nmsc-data/fastq/ERR1971063_1.fastq.gz,/scratch/users/tbencomo/nmsc-data/fastq/ERR1971063_2.fastq.gz
E-MTAB-5678,ERS1721607,SCC,ERR1971064,/scratch/users/tbencomo/nmsc-data/fastq/ERR1971064_1.fastq.gz,/scratch/users/tbencomo/nmsc-data/fastq/ERR1971064_2.fastq.gz
E-MTAB-5678,ERS1721608,SCC,ERR1971065,/scratch/users/tbencomo/nmsc-data/fastq/ERR1971065_1.fastq.gz,/scratch/users/tbencomo/nmsc-data/fastq/ERR1971065_2.fastq.gz
E-MTAB-5678,ERS1721609,SCC,ERR1971066,/scratch/users/tbencomo/nmsc-data/fastq/ERR1971066_1.fastq.gz,/scratch/users/tbencomo/nmsc-data/fastq/ERR1971066_2.fastq.gz
E-MTAB-6430,ERS2166487,IEC,ERR2274877,/scratch/users/tbencomo/nmsc-data/fastq/ERR2274877_1.fastq.gz,/scratch/users/tbencomo/nmsc-data/fastq/ERR2274877_2.fastq.gz
E-MTAB-6430,ERS2166488,Mixed,ERR2274878,/scratch/users/tbencomo/nmsc-data/fastq/ERR2274878_1.fastq.gz,/scratch/users/tbencomo/nmsc-data/fastq/ERR2274878_2.fastq.gz
E-MTAB-6430,ERS2166489,Mixed,ERR2274879,/scratch/users/tbencomo/nmsc-data/fastq/ERR2274879_1.fastq.gz,/scratch/users/tbencomo/nmsc-data/fastq/ERR2274879_2.fastq.gz
E-MTAB-6430,ERS2166490,BCC,ERR2274880,/scratch/users/tbencomo/nmsc-data/fastq/ERR2274880_1.fastq.gz,/scratch/users/tbencomo/nmsc-data/fastq/ERR2274880_2.fastq.gz
E-MTAB-6430,ERS2166491,IEC,ERR2274881,/scratch/users/tbencomo/nmsc-data/fastq/ERR2274881_1.fastq.gz,/scratch/users/tbencomo/nmsc-data/fastq/ERR2274881_2.fastq.gz
E-MTAB-6430,ERS2166492,IEC,ERR2274882,/scratch/users/tbencomo/nmsc-data/fastq/ERR2274882_1.fastq.gz,/scratch/users/tbencomo/nmsc-data/fastq/ERR2274882_2.fastq.gz
E-MTAB-6430,ERS2166493,Mixed,ERR2274883,/scratch/users/tbencomo/nmsc-data/fastq/ERR2274883_1.fastq.gz,/scratch/users/tbencomo/nmsc-data/fastq/ERR2274883_2.fastq.gz
E-MTAB-6430,ERS2166494,Mixed,ERR2274884,/scratch/users/tbencomo/nmsc-data/fastq/ERR2274884_1.fastq.gz,/scratch/users/tbencomo/nmsc-data/fastq/ERR2274884_2.fastq.gz
E-MTAB-6430,ERS2166495,Mixed,ERR2274885,/scratch/users/tbencomo/nmsc-data/fastq/ERR2274885_1.fastq.gz,/scratch/users/tbencomo/nmsc-data/fastq/ERR2274885_2.fastq.gz
E-MTAB-6430,ERS2166496,Mixed,ERR2274886,/scratch/users/tbencomo/nmsc-data/fastq/ERR2274886_1.fastq.gz,/scratch/users/tbencomo/nmsc-data/fastq/ERR2274886_2.fastq.gz
E-MTAB-6430,ERS2166497,Mixed,ERR2274887,/scratch/users/tbencomo/nmsc-data/fastq/ERR2274887_1.fastq.gz,/scratch/users/tbencomo/nmsc-data/fastq/ERR2274887_2.fastq.gz
E-MTAB-6430,ERS2166498,SCC,ERR2274888,/scratch/users/tbencomo/nmsc-data/fastq/ERR2274888_1.fastq.gz,/scratch/users/tbencomo/nmsc-data/fastq/ERR2274888_2.fastq.gz
E-MTAB-6430,ERS2166499,IEC,ERR2274889,/scratch/users/tbencomo/nmsc-data/fastq/ERR2274889_1.fastq.gz,/scratch/users/tbencomo/nmsc-data/fastq/ERR2274889_2.fastq.gz
E-MTAB-6430,ERS2166500,IEC,ERR2274890,/scratch/users/tbencomo/nmsc-data/fastq/ERR2274890_1.fastq.gz,/scratch/users/tbencomo/nmsc-data/fastq/ERR2274890_2.fastq.gz
E-MTAB-6430,ERS2166501,Mixed,ERR2274891,/scratch/users/tbencomo/nmsc-data/fastq/ERR2274891_1.fastq.gz,/scratch/users/tbencomo/nmsc-data/fastq/ERR2274891_2.fastq.gz
E-MTAB-6430,ERS2166502,IEC,ERR2274892,/scratch/users/tbencomo/nmsc-data/fastq/ERR2274892_1.fastq.gz,/scratch/users/tbencomo/nmsc-data/fastq/ERR2274892_2.fastq.gz
E-MTAB-6430,ERS2166503,SCC,ERR2274893,/scratch/users/tbencomo/nmsc-data/fastq/ERR2274893_1.fastq.gz,/scratch/users/tbencomo/nmsc-data/fastq/ERR2274893_2.fastq.gz
E-MTAB-6430,ERS2166504,AK,ERR2274894,/scratch/users/tbencomo/nmsc-data/fastq/ERR2274894_1.fastq.gz,/scratch/users/tbencomo/nmsc-data/fastq/ERR2274894_2.fastq.gz
E-MTAB-6430,ERS2166505,Mixed,ERR2274895,/scratch/users/tbencomo/nmsc-data/fastq/ERR2274895_1.fastq.gz,/scratch/users/tbencomo/nmsc-data/fastq/ERR2274895_2.fastq.gz
E-MTAB-6430,ERS2166506,Mixed,ERR2274896,/scratch/users/tbencomo/nmsc-data/fastq/ERR2274896_1.fastq.gz,/scratch/users/tbencomo/nmsc-data/fastq/ERR2274896_2.fastq.gz
E-MTAB-6430,ERS2166507,IEC,ERR2274897,/scratch/users/tbencomo/nmsc-data/fastq/ERR2274897_1.fastq.gz,/scratch/users/tbencomo/nmsc-data/fastq/ERR2274897_2.fastq.gz
E-MTAB-6430,ERS2166508,IEC,ERR2274898,/scratch/users/tbencomo/nmsc-data/fastq/ERR2274898_1.fastq.gz,/scratch/users/tbencomo/nmsc-data/fastq/ERR2274898_2.fastq.gz
E-MTAB-6430,ERS2166509,Mixed,ERR2274899,/scratch/users/tbencomo/nmsc-data/fastq/ERR2274899_1.fastq.gz,/scratch/users/tbencomo/nmsc-data/fastq/ERR2274899_2.fastq.gz
E-MTAB-6430,ERS2166510,SCC,ERR2274900,/scratch/users/tbencomo/nmsc-data/fastq/ERR2274900_1.fastq.gz,/scratch/users/tbencomo/nmsc-data/fastq/ERR2274900_2.fastq.gz
E-MTAB-6430,ERS2166511,IEC,ERR2274901,/scratch/users/tbencomo/nmsc-data/fastq/ERR2274901_1.fastq.gz,/scratch/users/tbencomo/nmsc-data/fastq/ERR2274901_2.fastq.gz
PRJNA556128,Li-P1-N,NS,SRR9733629,/scratch/users/tbencomo/nmsc-data/fastq/SRR9733629_1.fastq,/scratch/users/tbencomo/nmsc-data/fastq/SRR9733629_2.fastq
PRJNA556128,Li-P1-T,SCC,SRR9733628,/scratch/users/tbencomo/nmsc-data/fastq/SRR9733628_1.fastq,/scratch/users/tbencomo/nmsc-data/fastq/SRR9733628_2.fastq
PRJNA556128,Li-P2-N,NS,SRR9733626,/scratch/users/tbencomo/nmsc-data/fastq/SRR9733626_1.fastq,/scratch/users/tbencomo/nmsc-data/fastq/SRR9733626_2.fastq
PRJNA556128,Li-P2-T,SCC,SRR9733625,/scratch/users/tbencomo/nmsc-data/fastq/SRR9733625_1.fastq,/scratch/users/tbencomo/nmsc-data/fastq/SRR9733625_2.fastq
PRJNA556128,Li-P3-N,NS,SRR9733624,/scratch/users/tbencomo/nmsc-data/fastq/SRR9733624_1.fastq,/scratch/users/tbencomo/nmsc-data/fastq/SRR9733624_2.fastq
PRJNA556128,Li-P3-T,SCC,SRR9733627,/scratch/users/tbencomo/nmsc-data/fastq/SRR9733627_1.fastq,/scratch/users/tbencomo/nmsc-data/fastq/SRR9733627_2.fastq
PRJNA556128,Li-P4-N,NS,SRR9733623,/scratch/users/tbencomo/nmsc-data/fastq/SRR9733623_1.fastq,/scratch/users/tbencomo/nmsc-data/fastq/SRR9733623_2.fastq
PRJNA556128,Li-P4-T,SCC,SRR9733622,/scratch/users/tbencomo/nmsc-data/fastq/SRR9733622_1.fastq,/scratch/users/tbencomo/nmsc-data/fastq/SRR9733622_2.fastq
PRJNA556128,Li-P5-N,NS,SRR9733631,/scratch/users/tbencomo/nmsc-data/fastq/SRR9733631_1.fastq,/scratch/users/tbencomo/nmsc-data/fastq/SRR9733631_2.fastq
PRJNA556128,Li-P5-T,SCC,SRR9733630,/scratch/users/tbencomo/nmsc-data/fastq/SRR9733630_1.fastq,/scratch/users/tbencomo/nmsc-data/fastq/SRR9733630_2.fastq
PRJNA556128,Li-P6-N,NS,SRR9733621,/scratch/users/tbencomo/nmsc-data/fastq/SRR9733621_1.fastq,/scratch/users/tbencomo/nmsc-data/fastq/SRR9733621_2.fastq
PRJNA556128,Li-P6-T,SCC,SRR9733620,/scratch/users/tbencomo/nmsc-data/fastq/SRR9733620_1.fastq,/scratch/users/tbencomo/nmsc-data/fastq/SRR9733620_2.fastq
PRJNA556128,Li-P7-N,NS,SRR9733618,/scratch/users/tbencomo/nmsc-data/fastq/SRR9733618_1.fastq,/scratch/users/tbencomo/nmsc-data/fastq/SRR9733618_2.fastq
PRJNA556128,Li-P7-T,SCC,SRR9733617,/scratch/users/tbencomo/nmsc-data/fastq/SRR9733617_1.fastq,/scratch/users/tbencomo/nmsc-data/fastq/SRR9733617_2.fastq
PRJNA556128,Li-P8-N,NS,SRR9733616,/scratch/users/tbencomo/nmsc-data/fastq/SRR9733616_1.fastq,/scratch/users/tbencomo/nmsc-data/fastq/SRR9733616_2.fastq
PRJNA556128,Li-P8-T,SCC,SRR9733619,/scratch/users/tbencomo/nmsc-data/fastq/SRR9733619_1.fastq,/scratch/users/tbencomo/nmsc-data/fastq/SRR9733619_2.fastq
NWD,NWD-16-AK,AK,NA,/scratch/groups/carilee/lab-datasets/scc-rnaseq/16b-AK-RNA_R1.fastq.gz,/scratch/groups/carilee/lab-datasets/scc-rnaseq/16b-AK-RNA_R2.fastq.gz
NWD,NWD-16-NS,NS,NA,/scratch/groups/carilee/lab-datasets/scc-rnaseq/16a-NS_R1.fastq.gz,/scratch/groups/carilee/lab-datasets/scc-rnaseq/16a-NS_R2.fastq.gz
NWD,NWD-16-SCC,SCC,NA,/scratch/groups/carilee/lab-datasets/scc-rnaseq/16c-SCC_R1.fastq.gz,/scratch/groups/carilee/lab-datasets/scc-rnaseq/16c-SCC_R2.fastq.gz
NWD,NWD-24-AK,AK,NA,/scratch/groups/carilee/lab-datasets/scc-rnaseq/24b-AK-RNA_R1.fastq.gz,/scratch/groups/carilee/lab-datasets/scc-rnaseq/24b-AK-RNA_R2.fastq.gz
NWD,NWD-24-NS,NS,NA,/scratch/groups/carilee/lab-datasets/scc-rnaseq/24a-NS_R1.fastq.gz,/scratch/groups/carilee/lab-datasets/scc-rnaseq/24a-NS_R2.fastq.gz
NWD,NWD-24-SCC,SCC,NA,/scratch/groups/carilee/lab-datasets/scc-rnaseq/24c-SCC_R1.fastq.gz,/scratch/groups/carilee/lab-datasets/scc-rnaseq/24c-SCC_R2.fastq.gz
NWD,NWD-29-AK,AK,NA,/scratch/groups/carilee/lab-datasets/scc-rnaseq/29b-AK-RNA_R1.fastq.gz,/scratch/groups/carilee/lab-datasets/scc-rnaseq/29b-AK-RNA_R2.fastq.gz
NWD,NWD-29-NS,NS,NA,/scratch/groups/carilee/lab-datasets/scc-rnaseq/29a-NS_R1.fastq.gz,/scratch/groups/carilee/lab-datasets/scc-rnaseq/29a-NS_R2.fastq.gz
NWD,NWD-29-SCC,SCC,NA,/scratch/groups/carilee/lab-datasets/scc-rnaseq/29c-SCC_R1.fastq.gz,/scratch/groups/carilee/lab-datasets/scc-rnaseq/29c-SCC_R2.fastq.gz
NWD,NWD-32-AK,AK,NA,/scratch/groups/carilee/lab-datasets/scc-rnaseq/32b-AK-RNA_R1.fastq.gz,/scratch/groups/carilee/lab-datasets/scc-rnaseq/32b-AK-RNA_R2.fastq.gz
NWD,NWD-32-NS,NS,NA,/scratch/groups/carilee/lab-datasets/scc-rnaseq/32a-NS_R1.fastq.gz,/scratch/groups/carilee/lab-datasets/scc-rnaseq/32a-NS_R2.fastq.gz
NWD,NWD-32-SCC,SCC,NA,/scratch/groups/carilee/lab-datasets/scc-rnaseq/32c-SCC_R1.fastq.gz,/scratch/groups/carilee/lab-datasets/scc-rnaseq/32c-SCC_R2.fastq.gz
NWD,NWD-33-AK,AK,NA,/scratch/groups/carilee/lab-datasets/scc-rnaseq/33b-AK-RNA_R1.fastq.gz,/scratch/groups/carilee/lab-datasets/scc-rnaseq/33b-AK-RNA_R2.fastq.gz
NWD,NWD-33-NS,NS,NA,/scratch/groups/carilee/lab-datasets/scc-rnaseq/33a-NS_R1.fastq.gz,/scratch/groups/carilee/lab-datasets/scc-rnaseq/33a-NS_R2.fastq.gz
NWD,NWD-33-SCC,SCC,NA,/scratch/groups/carilee/lab-datasets/scc-rnaseq/33c-SCC_R1.fastq.gz,/scratch/groups/carilee/lab-datasets/scc-rnaseq/33c-SCC_R2.fastq.gz
NWD,NWD-34-AK,AK,NA,/scratch/groups/carilee/lab-datasets/scc-rnaseq/34b-AK-RNA_R1.fastq.gz,/scratch/groups/carilee/lab-datasets/scc-rnaseq/34b-AK-RNA_R2.fastq.gz
NWD,NWD-34-NS,NS,NA,/scratch/groups/carilee/lab-datasets/scc-rnaseq/34a-NS_R1.fastq.gz,/scratch/groups/carilee/lab-datasets/scc-rnaseq/34a-NS_R2.fastq.gz
NWD,NWD-34-SCC,SCC,NA,/scratch/groups/carilee/lab-datasets/scc-rnaseq/34c-SCC_R1.fastq.gz,/scratch/groups/carilee/lab-datasets/scc-rnaseq/34c-SCC_R2.fastq.gz
NWD,NWD-44-AK,AK,NA,/scratch/groups/carilee/lab-datasets/scc-rnaseq/44b-AK-RNA_R1.fastq.gz,/scratch/groups/carilee/lab-datasets/scc-rnaseq/44b-AK-RNA_R2.fastq.gz
NWD,NWD-44-NS,NS,NA,/scratch/groups/carilee/lab-datasets/scc-rnaseq/44a-NS_R1.fastq.gz,/scratch/groups/carilee/lab-datasets/scc-rnaseq/44a-NS_R2.fastq.gz
NWD,NWD-44-SCC,SCC,NA,/scratch/groups/carilee/lab-datasets/scc-rnaseq/44c-SCC_R1.fastq.gz,/scratch/groups/carilee/lab-datasets/scc-rnaseq/44c-SCC_R2.fastq.gz
NWD,NWD-45-AK,AK,NA,/scratch/groups/carilee/lab-datasets/scc-rnaseq/45b-AK-RNA_R1.fastq.gz,/scratch/groups/carilee/lab-datasets/scc-rnaseq/45b-AK-RNA_R2.fastq.gz
NWD,NWD-45-NS,NS,NA,/scratch/groups/carilee/lab-datasets/scc-rnaseq/45a-NS_CW_R1.fastq.gz,/scratch/groups/carilee/lab-datasets/scc-rnaseq/45a-NS_CW_R2.fastq.gz
NWD,NWD-45-SCC,SCC,NA,/scratch/groups/carilee/lab-datasets/scc-rnaseq/45c-SCC_CW_R1.fastq.gz,/scratch/groups/carilee/lab-datasets/scc-rnaseq/45c-SCC_CW_R2.fastq.gz
Lee,Lee-100-NS,NS,NA,/scratch/groups/carilee/lab-datasets/scc-rnaseq/ctrl_100_1.fq.gz,/scratch/groups/carilee/lab-datasets/scc-rnaseq/ctrl_100_2.fq.gz
Lee,Lee-100-SCC,SCC,NA,/scratch/groups/carilee/lab-datasets/scc-rnaseq/scc_100_1.fq.gz,/scratch/groups/carilee/lab-datasets/scc-rnaseq/scc_100_2.fq.gz
Lee,Lee-82-NS,NS,NA,/scratch/groups/carilee/lab-datasets/scc-rnaseq/ctrl_82_1.fq.gz,/scratch/groups/carilee/lab-datasets/scc-rnaseq/ctrl_82_2.fq.gz
Lee,Lee-82-SCC,SCC,NA,/scratch/groups/carilee/lab-datasets/scc-rnaseq/scc_82_1.fq.gz,/scratch/groups/carilee/lab-datasets/scc-rnaseq/scc_82_2.fq.gz
Lee,Lee-93-NS,NS,NA,/scratch/groups/carilee/lab-datasets/scc-rnaseq/ctrl_93_1.fq.gz,/scratch/groups/carilee/lab-datasets/scc-rnaseq/ctrl_93_2.fq.gz
Lee,Lee-93-SCC,SCC,NA,/scratch/groups/carilee/lab-datasets/scc-rnaseq/scc_93_1.fq.gz,/scratch/groups/carilee/lab-datasets/scc-rnaseq/scc_93_2.fq.gz
