#FusionName,JunctionReadCount,SpanningFragCount,est_J,est_S,SpliceType,LeftGene,LeftBreakpoint,RightGene,RightBreakpoint,LargeAnchorSupport,FFPM,LeftBreakDinuc,LeftBreakEntropy,RightBreakDinuc,RightBreakEntropy,annots,CDS_LEFT_ID,CDS_LEFT_RANGE,CDS_RIGHT_ID,CDS_RIGHT_RANGE,PROT_FUSION_TYPE,FUSION_MODEL,FUSION_CDS,FUSION_TRANSL,PFAM_LEFT,PFAM_RIGHT,sample_id,condition
BOLA2B--SMG1P2,8,20,4.0,3.78,INCL_NON_REF_SPLICE,BOLA2B^ENSG00000169627.9,chr16:30193358:-,SMG1P2^ENSG00000205534.6,chr16:29548658:-,YES_LDAS,0.1698,GT,1.9329,AG,1.9656,"[""GTEx_recurrent_StarF2019"",""INTRACHROMOSOMAL[chr16:0.60Mb]""]",.,.,.,.,.,.,.,.,.,.,SRR8286262,SCCIC1
BOLA2B--SMG1P2,2,31,1.0,11.65,ONLY_REF_SPLICE,BOLA2B^ENSG00000169627.9,chr16:30193358:-,SMG1P2^ENSG00000205534.6,chr16:29548762:-,NO_LDAS,0.2762,GT,1.9329,AG,1.9329,"[""GTEx_recurrent_StarF2019"",""INTRACHROMOSOMAL[chr16:0.60Mb]""]",.,.,.,.,.,.,.,.,.,.,SRR8286262,SCCIC1
TVP23C--CDRT4,1,6,1.0,6.0,ONLY_REF_SPLICE,TVP23C^ENSG00000175106.17,chr17:15540433:-,CDRT4^ENSG00000239704.11,chr17:15440285:-,NO_LDAS,0.1528,GT,1.8323,AG,1.9899,"[""INTRACHROMOSOMAL[chr17:0.03Mb]"",""NEIGHBORS[26536]""]",.,.,.,.,.,.,.,.,.,.,SRR8286262,SCCIC1
SRSF10--AL591178.1,1,12,1.0,10.33,ONLY_REF_SPLICE,SRSF10^ENSG00000188529.15,chr1:23974974:-,AL591178.1^ENSG00000225315.2,chr1:24064047:+,YES_LDAS,0.2474,GT,1.5628,AG,1.6049,"[""INTRACHROMOSOMAL[chr1:0.06Mb]"",""LOCAL_INVERSION:-:+:[59908]""]",.,.,.,.,.,.,.,.,.,.,SRR8286262,SCCIC1
LINC02802--AC245060.4,20,0,6.67,0.0,ONLY_REF_SPLICE,LINC02802^ENSG00000232527.8,chr1:144250225:-,AC245060.4^ENSG00000272779.1,chr22:22303224:+,YES_LDAS,0.1124,GT,1.9329,AG,1.9219,"[""INTERCHROMOSOMAL[chr1--chr22]""]",.,.,.,.,.,.,.,.,.,.,SRR8286261,SCCIC1
SRSF10--AL591178.1,10,15,10.0,9.37,ONLY_REF_SPLICE,SRSF10^ENSG00000188529.15,chr1:23980191:-,AL591178.1^ENSG00000225315.2,chr1:24064047:+,YES_LDAS,0.3264,GT,1.5656,AG,1.6049,"[""INTRACHROMOSOMAL[chr1:0.06Mb]"",""LOCAL_INVERSION:-:+:[59908]""]",.,.,.,.,.,.,.,.,.,.,SRR8286261,SCCIC1
BOLA2B--SMG1P2,6,24,3.0,3.27,INCL_NON_REF_SPLICE,BOLA2B^ENSG00000169627.9,chr16:30193358:-,SMG1P2^ENSG00000205534.6,chr16:29548658:-,YES_LDAS,0.1056,GT,1.9329,AG,1.9656,"[""GTEx_recurrent_StarF2019"",""INTRACHROMOSOMAL[chr16:0.60Mb]""]",.,.,.,.,.,.,.,.,.,.,SRR8286261,SCCIC1
SRSF10--AL591178.1,2,19,2.0,9.63,ONLY_REF_SPLICE,SRSF10^ENSG00000188529.15,chr1:23974974:-,AL591178.1^ENSG00000225315.2,chr1:24064047:+,YES_LDAS,0.196,GT,1.5628,AG,1.6049,"[""INTRACHROMOSOMAL[chr1:0.06Mb]"",""LOCAL_INVERSION:-:+:[59908]""]",.,.,.,.,.,.,.,.,.,.,SRR8286261,SCCIC1
LEPROT--LEPR,1,5,1.0,5.0,ONLY_REF_SPLICE,LEPROT^ENSG00000213625.9,chr1:65425378:+,LEPR^ENSG00000116678.20,chr1:65565546:+,NO_LDAS,0.101,GT,1.8256,AG,1.9219,"[""GTEx_recurrent_StarF2019"",""ChimerSeq"",""INTRACHROMOSOMAL[chr1:0.09Mb]"",""NEIGHBORS[89682]""]",.,.,.,.,.,.,.,.,.,.,SRR8286261,SCCIC1
AC026191.1--SRGAP3,1,6,1.0,6.0,ONLY_REF_SPLICE,AC026191.1^ENSG00000254485.5,chr3:9326010:-,SRGAP3^ENSG00000196220.16,chr3:9124917:-,NO_LDAS,0.1179,GT,1.9656,AG,1.8062,"[""GTEx_recurrent_StarF2019"",""INTRACHROMOSOMAL[chr3:0.04Mb]"",""NEIGHBORS[42903]""]",.,.,.,.,.,.,.,.,.,.,SRR8286261,SCCIC1
AC064807.1--AC064807.2,1,8,1.0,8.0,ONLY_REF_SPLICE,AC064807.1^ENSG00000228801.6,chr8:51913180:+,AC064807.2^ENSG00000253844.1,chr8:52022416:+,NO_LDAS,0.1516,GT,1.9219,AG,1.7968,"[""GTEx_recurrent_StarF2019"",""INTRACHROMOSOMAL[chr8:0.01Mb]"",""NEIGHBORS[11584]""]",.,.,.,.,.,.,.,.,.,.,SRR8286261,SCCIC1
BOLA2B--SMG1P2,1,39,0.5,16.23,ONLY_REF_SPLICE,BOLA2B^ENSG00000169627.9,chr16:30193358:-,SMG1P2^ENSG00000205534.6,chr16:29548762:-,NO_LDAS,0.2819,GT,1.9329,AG,1.9329,"[""GTEx_recurrent_StarF2019"",""INTRACHROMOSOMAL[chr16:0.60Mb]""]",.,.,.,.,.,.,.,.,.,.,SRR8286261,SCCIC1
EGFR--PPARGC1A,10,1,10.0,1.0,ONLY_REF_SPLICE,EGFR^ENSG00000146648.19,chr7:55171213:+,PPARGC1A^ENSG00000109819.9,chr4:23884931:-,YES_LDAS,0.7047,GT,1.9899,AG,1.5058,"[""INTERCHROMOSOMAL[chr7--chr4]""]",ENST00000275493.7,1-1919,ENST00000264867.7,55-2397,FRAMESHIFT,chr7|+|[0]55019278-55019365[0]|[1]55142286-55142437[2]|[0]55143305-55143488[0]|[1]55146606-55146740[0]|[1]55151294-55151362[0]|[1]55152546-55152664[2]|[0]55154011-55154152[0]|[1]55155830-55155946[0]|[1]55156533-55156659[1]|[2]55156759-55156832[0]|[1]55157663-55157753[1]|[2]55160139-55160338[0]|[1]55161499-55161631[1]|[2]55163733-55163823[2]|[0]55165280-55165437[1]|[2]55171175-55171213[1]<==>chr4|-|[2]23795822-23795925[1]|[0]23801730-23801881[2]|[1]23802224-23802345[0]|[2]23812747-23812867[2]|[1]23813021-23813125[2]|[1]23813690-23814605[1]|[0]23824280-23824353[2]|[1]23824463-23824508[1]|[0]23828400-23828604[0]|[2]23829463-23829585[0]|[2]23831557-23831751[0]|[2]23884752-23884931[0],atgcgaccctccgggacggccggggcagcgctcctggcgctgctggctgcgctctgcccggcgagtcgggctctggaggaaaagaaagtttgccaaggcacgagtaacaagctcacgcagttgggcacttttgaagatcattttctcagcctccagaggatgttcaataactgtgaggtggtccttgggaatttggaaattacctatgtgcagaggaattatgatctttccttcttaaagaccatccaggaggtggctggttatgtcctcattgccctcaacacagtggagcgaattcctttggaaaacctgcagatcatcagaggaaatatgtactacgaaaattcctatgccttagcagtcttatctaactatgatgcaaataaaaccggactgaaggagctgcccatgagaaatttacaggaaatcctgcatggcgccgtgcggttcagcaacaaccctgccctgtgcaacgtggagagcatccagtggcgggacatagtcagcagtgactttctcagcaacatgtcgatggacttccagaaccacctgggcagctgccaaaagtgtgatccaagctgtcccaatgggagctgctggggtgcaggagaggagaactgccagaaactgaccaaaatcatctgtgcccagcagtgctccgggcgctgccgtggcaagtcccccagtgactgctgccacaaccagtgtgctgcaggctgcacaggcccccgggagagcgactgcctggtctgccgcaaattccgagacgaagccacgtgcaaggacacctgccccccactcatgctctacaaccccaccacgtaccagatggatgtgaaccccgagggcaaatacagctttggtgccacctgcgtgaagaagtgtccccgtaattatgtggtgacagatcacggctcgtgcgtccgagcctgtggggccgacagctatgagatggaggaagacggcgtccgcaagtgtaagaagtgcgaagggccttgccgcaaagtgtgtaacggaataggtattggtgaatttaaagactcactctccataaatgctacgaatattaaacacttcaaaaactgcacctccatcagtggcgatctccacatcctgccggtggcatttaggggtgactccttcacacatactcctcctctggatccacaggaactggatattctgaaaaccgtaaaggaaatcacagggtttttgctgattcaggcttggcctgaaaacaggacggacctccatgcctttgagaacctagaaatcatacgcggcaggaccaagcaacatggtcagttttctcttgcagtcgtcagcctgaacataacatccttgggattacgctccctcaaggagataagtgatggagatgtgataatttcaggaaacaaaaatttgtgctatgcaaatacaataaactggaaaaaactgtttgggacctccggtcagaaaaccaaaattataagcaacagaggtgaaaacagctgcaaggccacaggccaggtctgccatgccttgtgctcccccgagggctgctggggcccggagcccagggactgcgtctcttgccggaatgtcagccgaggcagggaatgcgtggacaagtgcaaccttctggagggtgagccaagggagtttgtggagaactctgagtgcatacagtgccacccagagtgcctgcctcaggccatgaacatcacctgcacaggacggggaccagacaactgtatccagtgtgcccactacattgacggcccccactgcgtcaagacctgcccggcaggagtcatgggagaaaacaacaccctggtctggaagtacgcagacgccggccatgtgtgccacctgtgccatccaaactgcacctacggatgcactgggccaggtcttgaaggctgtccaacgaatggTGTGCTGCTCTGGTTGGTGAAGACCAGCCTCTTTGCCCAGATCTTCCTGAACTTGATCTTTCTGAACTAGATGTGAACGACTTGGATACAGACAGCTTTCTGGGTGGACTCAAGTGGTGCAGTGACCAATCAGAAATAATATCCAATCAGTACAACAATGAGCCTTCAAACATATTTGAGAAGATAGATGAAGAGAATGAGGCAAACTTGCTAGCAGTCCTCACAGAGACACTAGACAGTCTCCCTGTGGATGAAGACGGATTGCCCTCATTTGATGCGCTGACAGATGGAGACGTGACCACTGACAATGAGGCTAGTCCTTCCTCCATGCCTGACGGCACCCCTCCACCCCAGGAGGCAGAAGAGCCGTCTCTACTTAAGAAGCTCTTACTGGCACCAGCCAACACTCAGCTAAGTTATAATGAATGCAGTGGTCTCAGTACCCAGAACCATGCAAATCACAATCACAGGATCAGAACAAACCCTGCAATTGTTAAGACTGAGAATTCATGGAGCAATAAAGCGAAGAGTATTTGTCAACAGCAAAAGCCACAAAGACGTCCCTGCTCGGAGCTTCTCAAATATCTGACCACAAACGATGACCCTCCTCACACCAAACCCACAGAGAACAGAAACAGCAGCAGAGACAAATGCACCTCCAAAAAGAAGTCCCACACACAGTCGCAGTCACAACACTTACAAGCCAAACCAACAACTTTATCTCTTCCTCTGACCCCAGAGTCACCAAATGACCCCAAGGGTTCCCCATTTGAGAACAAGACTATTGAACGCACCTTAAGTGTGGAACTCTCTGGAACTGCAGGCCTAACTCCACCCACCACTCCTCCTCATAAAGCCAACCAAGATAACCCTTTTAGGGCTTCTCCAAAGCTGAAGTCCTCTTGCAAGACTGTGGTGCCACCACCATCAAAGAAGCCCAGGTACAGTGAGTCTTCTGGTACACAAGGCAATAACTCCACCAAGAAAGGGCCGGAGCAATCCGAGTTGTATGCACAACTCAGCAAGTCCTCAGTCCTCACTGGTGGACACGAGGAAAGGAAGACCAAGCGGCCCAGTCTGCGGCTGTTTGGTGACCATGACTATTGCCAGTCAATTAATTCCAAAACAGAAATACTCATTAATATATCACAGGAGCTCCAAGACTCTAGACAACTAGAAAATAAAGATGTCTCCTCTGATTGGCAGGGGCAGATTTGTTCTTCCACAGATTCAGACCAGTGCTACCTGAGAGAGACTTTGGAGGCAAGCAAGCAGGTCTCTCCTTGCAGCACAAGAAAACAGCTCCAAGACCAGGAAATCCGAGCCGAGCTGAACAAGCACTTCGGTCATCCCAGTCAAGCTGTTTTTGACGACGAAGCAGACAAGACCGGTGAACTGAGGGACAGTGATTTCAGTAATGAACAATTCTCCAAACTACCTATGTTTATAAATTCAGGACTAGCCATGGATGGCCTGTTTGATGACAGCGAAGATGAAAGTGATAAACTGAGCTACCCTTGGGATGGCACGCAATCCTATTCATTGTTCAATGTGTCTCCTTCTTGTTCTTCTTTTAACTCTCCATGTAGAGATTCTGTGTCACCACCCAAATCCTTATTTTCTCAAAGACCCCAAAGGATGCGCTCTCGTTCAAGGTCCTTTTCTCGACACAGGTCGTGTTCCCGATCACCATATTCCAGGTCAAGATCAAGGTCTCCAGGCAGTAGATCCTCTTCAAGATCCTGCTATTACTATGAGTCAAGCCACTACAGACACCGCACGCACCGAAATTCTCCCTTGTATGTGAGATCACGTTCAAGATCGCCCTACAGCCGTCGGCCCAGGTATGACAGCTACGAGGAATATCAGCACGAGAGGCTGAAGAGGGAAGAATATCGCAGAGAGTATGAGAAGCGAGAGTCTGAGAGGGCCAAGCAAAGGGAGAGGCAGAGGCAGAAGGCAATTGAAGAGCGCCGTGTGATTTATGTCGGTAAAATCAGACCTGACACAACACGGACAGAACTGAGGGACCGTTTTGAAGTTTTTGGTGAAATTGAGGAGTGCACAGTAAATCTGCGGGATGATGGAGACAGCTATGGTTTCATTACCTACCGTTATACCTGTGATGCTTTTGCTGCTCTTGAAAATGGATACACTTTGCGCAGGTCAAACGAAACTGACTTTGAGCTGTACTTTTGTGGACGCAAGCAATTTTTCAAGTCTAACTATGCAGACCTAGATTCAAACTCAGATGACTTTGACCCTGCTTCCACCAAGAGCAAGTATGACTCTCTGGATTTTGATAGTTTACTGAAAGAAGCTCAGAGAAGCTTGCGCAGGTAA,MRPSGTAGAALLALLAALCPASRALEEKKVCQGTSNKLTQLGTFEDHFLSLQRMFNNCEVVLGNLEITYVQRNYDLSFLKTIQEVAGYVLIALNTVERIPLENLQIIRGNMYYENSYALAVLSNYDANKTGLKELPMRNLQEILHGAVRFSNNPALCNVESIQWRDIVSSDFLSNMSMDFQNHLGSCQKCDPSCPNGSCWGAGEENCQKLTKIICAQQCSGRCRGKSPSDCCHNQCAAGCTGPRESDCLVCRKFRDEATCKDTCPPLMLYNPTTYQMDVNPEGKYSFGATCVKKCPRNYVVTDHGSCVRACGADSYEMEEDGVRKCKKCEGPCRKVCNGIGIGEFKDSLSINATNIKHFKNCTSISGDLHILPVAFRGDSFTHTPPLDPQELDILKTVKEITGFLLIQAWPENRTDLHAFENLEIIRGRTKQHGQFSLAVVSLNITSLGLRSLKEISDGDVIISGNKNLCYANTINWKKLFGTSGQKTKIISNRGENSCKATGQVCHALCSPEGCWGPEPRDCVSCRNVSRGRECVDKCNLLEGEPREFVENSECIQCHPECLPQAMNITCTGRGPDNCIQCAHYIDGPHCVKTCPAGVMGENNTLVWKYADAGHVCHLCHPNCTYGCTGPGLEGCPTNGVLLWLVKTSLFAQIFLNLIFLN*M*TTWIQTAFWVDSSGAVTNQK*YPISTTMSLQTYLRR*MKRMRQTC*QSSQRH*TVSLWMKTDCPHLMR*QMET*PLTMRLVLPPCLTAPLHPRRQKSRLYLRSSYWHQPTLS*VIMNAVVSVPRTMQITITGSEQTLQLLRLRIHGAIKRRVFVNSKSHKDVPARSFSNI*PQTMTLLTPNPQRTETAAETNAPPKRSPTHSRSHNTYKPNQQLYLFL*PQSHQMTPRVPHLRTRLLNAP*VWNSLELQA*LHPPLLLIKPTKITLLGLLQS*SPLARLWCHHHQRSPGTVSLLVHKAITPPRKGRSNPSCMHNSASPQSSLVDTRKGRPSGPVCGCLVTMTIASQLIPKQKYSLIYHRSSKTLDN*KIKMSPLIGRGRFVLPQIQTSAT*ERLWRQASRSLLAAQENSSKTRKSEPS*TSTSVIPVKLFLTTKQTRPVN*GTVISVMNNSPNYLCL*IQD*PWMACLMTAKMKVIN*ATLGMARNPIHCSMCLLLVLLLTLHVEILCHHPNPYFLKDPKGCALVQGPFLDTGRVPDHHIPGQDQGLQAVDPLQDPAITMSQATTDTARTEILPCM*DHVQDRPTAVGPGMTATRNISTRG*RGKNIAESMRSESLRGPSKGRGRGRRQLKSAV*FMSVKSDLTQHGQN*GTVLKFLVKLRSAQ*ICGMMETAMVSLPTVIPVMLLLLLKMDTLCAGQTKLTLSCTFVDASNFSSLTMQT*IQTQMTLTLLPPRASMTLWILIVY*KKLREACAG,Recep_L_domain|57-167|1e-33^Furin-like|185-338|2.2e-32^GF_recep_IV|190-269|2.1e-07^GF_recep_IV|232-339|0.00012^GF_recep_IV|294-342|0.1^Recep_L_domain|361-480|5e-31^Furin-like|474-557|1.7e-08^GF_recep_IV|505-636|8.7e-50^Furin-like|554-598|0.00041^Furin-like|618-636|0.51^GAPT|650-687|0.00016^Pkinase|712-964|1.8e-42^PK_Tyr_Ser-Thr|714-965|4.3e-91^Kdo|791-856|0.00017^Kinase-like|815-935|3.9e-05^APH|824-860|4.2e-05,Tox-ODYAM1|640-747|4.6e-05^RRM_1|679-739|4.7e-11,SRR17247482,A431
ADNP2--RBFADN,9,1,9.0,1.0,ONLY_REF_SPLICE,ADNP2^ENSG00000101544.9,chr18:80109472:+,RBFADN^ENSG00000261126.7,chr18:80079687:+,YES_LDAS,0.6406,GT,1.7056,AG,1.9329,"[""GTEx_recurrent_StarF2019"",""DEEPEST2019"",""INTRACHROMOSOMAL[chr18:0.01Mb]"",""LOCAL_REARRANGEMENT:+:[13780]""]",.,.,.,.,.,.,.,.,.,.,SRR17247482,A431
AL391840.3--SH3BGRL2,6,0,6.0,0.0,INCL_NON_REF_SPLICE,AL391840.3^ENSG00000287811.1,chr6:79538843:+,SH3BGRL2^ENSG00000198478.8,chr6:79673614:+,YES_LDAS,0.3844,GT,1.9086,AG,1.4716,"[""INTRACHROMOSOMAL[chr6:0.09Mb]"",""NEIGHBORS[91353]""]",.,.,.,.,.,.,.,.,.,.,SRR17247482,A431
ZNRF1--CDIP1,3,0,3.0,0.0,ONLY_REF_SPLICE,ZNRF1^ENSG00000186187.12,chr16:75093667:+,CDIP1^ENSG00000089486.17,chr16:4514664:-,YES_LDAS,0.1922,GT,1.8295,AG,1.6402,"[""INTRACHROMOSOMAL[chr16:70.46Mb]""]",.,.,.,.,.,.,.,.,.,.,SRR17247482,A431
C1orf220--AL137796.1,3,0,3.0,0.0,INCL_NON_REF_SPLICE,C1orf220^ENSG00000213057.5,chr1:178547163:+,AL137796.1^ENSG00000273384.1,chr1:178651707:+,YES_LDAS,0.1922,GT,1.9656,AG,1.4566,"[""GTEx_recurrent_StarF2019"",""INTRACHROMOSOMAL[chr1:0.10Mb]""]",.,.,.,.,.,.,.,.,.,.,SRR17247482,A431
LRRC8B--LRRC8C,2,0,2.0,0.0,ONLY_REF_SPLICE,LRRC8B^ENSG00000197147.15,chr1:89584789:+,LRRC8C^ENSG00000171488.15,chr1:89686470:+,YES_LDAS,0.1281,GT,1.7968,AG,1.9329,"[""DGD_PARALOGS"",""GTEx_recurrent_StarF2019"",""Babiceanu_Normal"",""INTRACHROMOSOMAL[chr1:0.04Mb]"",""NEIGHBORS[35211]""]",.,.,.,.,.,.,.,.,.,.,SRR17247482,A431
HSP90AA1--HSP90AB1,2,0,2.0,0.0,ONLY_REF_SPLICE,HSP90AA1^ENSG00000080824.19,chr14:102085298:-,HSP90AB1^ENSG00000096384.20,chr6:44250291:+,YES_LDAS,0.1281,GT,1.3996,AG,1.7056,"[""GTEx_recurrent_StarF2019"",""HGNC_GENEFAM"",""INTERCHROMOSOMAL[chr14--chr6]""]",ENST00000334701.11,1-1029,ENST00000371646.10,649-2175,INFRAME,chr14|-|[2]102085298-102085431[1]|[0]102085758-102086124[0]|[2]102086217-102086378[0]|[2]102101875-102102085[2]|[1]102139250-102139404[0]<==>chr6|+|[0]44250291-44250599[2]|[0]44251048-44251213[0]|[1]44251418-44251608[2]|[0]44251737-44251884[0]|[1]44251999-44252267[2]|[0]44253045-44253378[0]|[1]44253489-44253598[2],atgcccccgtgttcgggcggggacggctccacccctcctgggccctcccttcgggacagggactgtcccgcccagagtgctgaatacccgcgcgaccgtctggatccccgcccaggaagcccctctgaagcctcctcgccgccgtttctgagaagcagggcacctgttaactggtaccaagaaaaggcccaagtgtttctctggcatctgatggtgtctggatccaccactctactctgtctctggaaacagcccttccacgtctctgcattccctgtcaccgcgtcactggccttcagacagagccaaggtgcagggcaacacctctacaaggatctgcagccatttatattgcttaggctactgatgcctgaggaaacccagacccaagaccaaccgatggaggaggaggaggttgagacgttcgcctttcaggcagaaattgcccagttgatgtcattgatcatcaatactttctactcgaacaaagagatctttctgagagagctcatttcaaattcatcagatgcattggacaaaatccggtatgaaagcttgacagatcccagtaaattagactctgggaaagagctgcatattaaccttataccgaacaaacaagatcgaactctcactattgtggatactggaattggaatgaccaaggctgacttgatcaataaccttggtactatcgccaagtctgggaccaaagcgttcatggaagctttgcaggctggtgcagatatctctatgattggccagttcggtgttggtttttattctgcttatttggttgctgagaaagtaactgtgatcaccaaacataacgatgatgagcagtacgcttgggagtcctcagcagggggatcattcacagtgaggacagacacaggtgaacctatgggtcgtggaacaaaagttatcctacacctgaaagaagaccaaactgagtacttggaggaacgaagaataaaggagattgtgaagaaacattctcagtttattggatatcccattactctttttTTGGAGAAGGAACGAGAGAAGGAAATTAGTGATGATGAGGCAGAGGAAGAGAAAGGTGAGAAAGAAGAGGAAGATAAAGATGATGAAGAAAAACCCAAGATCGAAGATGTGGGTTCAGATGAGGAGGATGACAGCGGTAAGGATAAGAAGAAGAAAACTAAGAAGATCAAAGAGAAATACATTGATCAGGAAGAACTAAACAAGACCAAGCCTATTTGGACCAGAAACCCTGATGACATCACCCAAGAGGAGTATGGAGAATTCTACAAGAGCCTCACTAATGACTGGGAAGACCACTTGGCAGTCAAGCACTTTTCTGTAGAAGGTCAGTTGGAATTCAGGGCATTGCTATTTATTCCTCGTCGGGCTCCCTTTGACCTTTTTGAGAACAAGAAGAAAAAGAACAACATCAAACTCTATGTCCGCCGTGTGTTCATCATGGACAGCTGTGATGAGTTGATACCAGAGTATCTCAATTTTATCCGTGGTGTGGTTGACTCTGAGGATCTGCCCCTGAACATCTCCCGAGAAATGCTCCAGCAGAGCAAAATCTTGAAAGTCATTCGCAAAAACATTGTTAAGAAGTGCCTTGAGCTCTTCTCTGAGCTGGCAGAAGACAAGGAGAATTACAAGAAATTCTATGAGGCATTCTCTAAAAATCTCAAGCTTGGAATCCACGAAGACTCCACTAACCGCCGCCGCCTGTCTGAGCTGCTGCGCTATCATACCTCCCAGTCTGGAGATGAGATGACATCTCTGTCAGAGTATGTTTCTCGCATGAAGGAGACACAGAAGTCCATCTATTACATCACTGGTGAGAGCAAAGAGCAGGTGGCCAACTCAGCTTTTGTGGAGCGAGTGCGGAAACGGGGCTTCGAGGTGGTATATATGACCGAGCCCATTGACGAGTACTGTGTGCAGCAGCTCAAGGAATTTGATGGGAAGAGCCTGGTCTCAGTTACCAAGGAGGGTCTGGAGCTGCCTGAGGATGAGGAGGAGAAGAAGAAGATGGAAGAGAGCAAGGCAAAGTTTGAGAACCTCTGCAAGCTCATGAAAGAAATCTTAGATAAGAAGGTTGAGAAGGTGACAATCTCCAATAGACTTGTGTCTTCACCTTGCTGCATTGTGACCAGCACCTACGGCTGGACAGCCAATATGGAGCGGATCATGAAAGCCCAGGCACTTCGGGACAACTCCACCATGGGCTATATGATGGCCAAAAAGCACCTGGAGATCAACCCTGACCACCCCATTGTGGAGACGCTGCGGCAGAAGGCTGAGGCCGACAAGAATGATAAGGCAGTTAAGGACCTGGTGGTGCTGCTGTTTGAAACCGCCCTGCTATCTTCTGGCTTTTCCCTTGAGGATCCCCAGACCCACTCCAACCGCATCTATCGCATGATCAAGCTAGGTCTAGGTATTGATGAAGATGAAGTGGCAGCAGAGGAACCCAATGCTGCAGTTCCTGATGAGATCCCCCCTCTCGAGGGCGATGAGGATGCGTCTCGCATGGAAGAAGTCGATTAG,MPPCSGGDGSTPPGPSLRDRDCPAQSAEYPRDRLDPRPGSPSEASSPPFLRSRAPVNWYQEKAQVFLWHLMVSGSTTLLCLWKQPFHVSAFPVTASLAFRQSQGAGQHLYKDLQPFILLRLLMPEETQTQDQPMEEEEVETFAFQAEIAQLMSLIINTFYSNKEIFLRELISNSSDALDKIRYESLTDPSKLDSGKELHINLIPNKQDRTLTIVDTGIGMTKADLINNLGTIAKSGTKAFMEALQAGADISMIGQFGVGFYSAYLVAEKVTVITKHNDDEQYAWESSAGGSFTVRTDTGEPMGRGTKVILHLKEDQTEYLEERRIKEIVKKHSQFIGYPITLFLEKEREKEISDDEAEEEKGEKEEEDKDDEEKPKIEDVGSDEEDDSGKDKKKKTKKIKEKYIDQEELNKTKPIWTRNPDDITQEEYGEFYKSLTNDWEDHLAVKHFSVEGQLEFRALLFIPRRAPFDLFENKKKKNNIKLYVRRVFIMDSCDELIPEYLNFIRGVVDSEDLPLNISREMLQQSKILKVIRKNIVKKCLELFSELAEDKENYKKFYEAFSKNLKLGIHEDSTNRRRLSELLRYHTSQSGDEMTSLSEYVSRMKETQKSIYYITGESKEQVANSAFVERVRKRGFEVVYMTEPIDEYCVQQLKEFDGKSLVSVTKEGLELPEDEEEKKKMEESKAKFENLCKLMKEILDKKVEKVTISNRLVSSPCCIVTSTYGWTANMERIMKAQALRDNSTMGYMMAKKHLEINPDHPIVETLRQKAEADKNDKAVKDLVVLLFETALLSSGFSLEDPQTHSNRIYRMIKLGLGIDEDEVAAEEPNAAVPDEIPPLEGDEDASRMEEVD*,HATPase_c_3|160-281|1.9e-15^HATPase_c|162-315|2.8e-17^Zip|309-405|9.3e-05^HSP90|318-836|8.1e-236^CDC45|347-411|0.0016^LOH1CR12|526-565|0.00017^DUF5759|551-574|0.0001^LOH1CR12|675-719|0.58^DUF5759|678-701|3.4,HSP90-PARTIAL|~649-702|3.7e-236^Med26-PARTIAL|~649-655|1.8,SRR17247482,A431
HRH1--ATG7,2,0,2.0,0.0,ONLY_REF_SPLICE,HRH1^ENSG00000196639.7,chr3:11154554:+,ATG7^ENSG00000197548.12,chr3:11298686:+,YES_LDAS,0.1281,GT,1.2867,AG,1.7968,"[""CCLE_StarF2019"",""INTRACHROMOSOMAL[chr3:0.01Mb]"",""NEIGHBORS[8752]""]",.,.,.,.,.,.,.,.,.,.,SRR17247482,A431
DNAJC5--GNAS,2,0,2.0,0.0,ONLY_REF_SPLICE,DNAJC5^ENSG00000101152.11,chr20:63931022:+,GNAS^ENSG00000087460.28,chr20:58895612:+,YES_LDAS,0.1281,GT,1.7968,AG,1.8892,"[""INTRACHROMOSOMAL[chr20:4.98Mb]""]",ENST00000360864.9,1-493,ENST00000354359.12,140-1188,INFRAME,chr20|+|[0]63928346-63928452[1]|[2]63929312-63929525[2]|[0]63930851-63931022[0]<==>chr20|+|[1]58895612-58895684[1]|[2]58898941-58898985[1]|[2]58903528-58903585[2]|[0]58903672-58903791[2]|[0]58905383-58905480[1]|[2]58909162-58909216[2]|[0]58909350-58909423[1]|[2]58909521-58909579[0]|[1]58909684-58909804[1]|[2]58909951-58910081[0]|[1]58910334-58910401[2]|[0]58910683-58910829[2],atggcagaccagagacagcgctcactgtctacctctggggagtcattgtaccacgtccttgggttggacaagaacgcaacctcagatgacattaaaaagtcctatcggaagcttgccttgaaatatcaccccgacaagaaccccgacaacccggaggccgcggacaagtttaaggagatcaacaacgcgcacgccatcctcacggacgccacaaaaaggaacatctacgacaagtacggctcgctgggtctctacgtggccgagcagtttggggaagagaacgtgaacacctacttcgtgctgtccagctggtgggccaaggccctgtttgtcttctgcggcctcctcacgtgctgctactgctgctgctgtctgtgctgctgcttcaactgctgctgcgggaagtgtaagcccaaggcgcctgaaggcgaggagacggagttctacgtgtcccccgaggatctggaggcacagctgcagtctgacgagagggGTGCTGGAGAATCTGGTAAAAGCACCATTGTGAAGCAGATGAGGATCCTGCATGTTAATGGGTTTAATGGAGAGGGCGGCGAAGAGGACCCGCAGGCTGCAAGGAGCAACAGCGATGGCAGTGAGAAGGCAACCAAAGTGCAGGACATCAAAAACAACCTGAAAGAGGCGATTGAAACCATTGTGGCCGCCATGAGCAACCTGGTGCCCCCCGTGGAGCTGGCCAACCCCGAGAACCAGTTCAGAGTGGACTACATCCTGAGTGTGATGAACGTGCCTGACTTTGACTTCCCTCCCGAATTCTATGAGCATGCCAAGGCTCTGTGGGAGGATGAAGGAGTGCGTGCCTGCTACGAACGCTCCAACGAGTACCAGCTGATTGACTGTGCCCAGTACTTCCTGGACAAGATCGACGTGATCAAGCAGGCTGACTATGTGCCGAGCGATCAGGACCTGCTTCGCTGCCGTGTCCTGACTTCTGGAATCTTTGAGACCAAGTTCCAGGTGGACAAAGTCAACTTCCACATGTTTGACGTGGGTGGCCAGCGCGATGAACGCCGCAAGTGGATCCAGTGCTTCAACGATGTGACTGCCATCATCTTCGTGGTGGCCAGCAGCAGCTACAACATGGTCATCCGGGAGGACAACCAGACCAACCGCCTGCAGGAGGCTCTGAACCTCTTCAAGAGCATCTGGAACAACAGATGGCTGCGCACCATCTCTGTGATCCTGTTCCTCAACAAGCAAGATCTGCTCGCTGAGAAAGTCCTTGCTGGGAAATCGAAGATTGAGGACTACTTTCCAGAATTTGCTCGCTACACTACTCCTGAGGATGCTACTCCCGAGCCCGGAGAGGACCCACGCGTGACCCGGGCCAAGTACTTCATTCGAGATGAGTTTCTGAGGATCAGCACTGCCAGTGGAGATGGGCGTCACTACTGCTACCCTCATTTCACCTGCGCTGTGGACACTGAGAACATCCGCCGTGTGTTCAACGACTGCCGTGACATCATTCAGCGCATGCACCTTCGTCAGTACGAGCTGCTCTAA,MADQRQRSLSTSGESLYHVLGLDKNATSDDIKKSYRKLALKYHPDKNPDNPEAADKFKEINNAHAILTDATKRNIYDKYGSLGLYVAEQFGEENVNTYFVLSSWWAKALFVFCGLLTCCYCCCCLCCCFNCCCGKCKPKAPEGEETEFYVSPEDLEAQLQSDERGAGESGKSTIVKQMRILHVNGFNGEGGEEDPQAARSNSDGSEKATKVQDIKNNLKEAIETIVAAMSNLVPPVELANPENQFRVDYILSVMNVPDFDFPPEFYEHAKALWEDEGVRACYERSNEYQLIDCAQYFLDKIDVIKQADYVPSDQDLLRCRVLTSGIFETKFQVDKVNFHMFDVGGQRDERRKWIQCFNDVTAIIFVVASSSYNMVIREDNQTNRLQEALNLFKSIWNNRWLRTISVILFLNKQDLLAEKVLAGKSKIEDYFPEFARYTTPEDATPEPGEDPRVTRAKYFIRDEFLRISTASGDGRHYCYPHFTCAVDTENIRRVFNDCRDIIQRMHLRQYELL*,DnaJ|16-77|3.6e-31^Baculo_F|84-138|2.5e-06^EMP70|90-128|6.3e-06,G-alpha-PARTIAL|~140-384|5.3e-109^GTP_EFTU|202-313|0.00018^Arf|206-299|7.8e-17^Roc|210-296|2.5e-05^Gtr1_RagA|212-301|5.7e-07,SRR17247482,A431
AC011586.2--MSR1,2,0,2.0,0.0,ONLY_REF_SPLICE,AC011586.2^ENSG00000253496.3,chr8:16655016:-,MSR1^ENSG00000038945.15,chr8:16511910:-,YES_LDAS,0.1281,GT,1.8892,AG,1.9086,"[""INTRACHROMOSOMAL[chr8:0.03Mb]"",""NEIGHBORS[31268]""]",.,.,.,.,.,.,.,.,.,.,SRR17247482,A431
AC009271.1--LINC01905,2,0,2.0,0.0,ONLY_REF_SPLICE,AC009271.1^ENSG00000267327.2,chr18:55893442:+,LINC01905^ENSG00000267057.6,chr18:56096075:+,YES_LDAS,0.1281,GT,1.5546,AG,1.9219,"[""GTEx_recurrent_StarF2019"",""INTRACHROMOSOMAL[chr18:0.01Mb]"",""NEIGHBORS[5748]""]",.,.,.,.,.,.,.,.,.,.,SRR17247482,A431
TVP23C--CDRT4,1,1,1.0,1.0,ONLY_REF_SPLICE,TVP23C^ENSG00000175106.17,chr17:15540433:-,CDRT4^ENSG00000239704.11,chr17:15440285:-,YES_LDAS,0.1282,GT,1.8323,AG,1.9899,"[""INTRACHROMOSOMAL[chr17:0.03Mb]"",""NEIGHBORS[26536]""]",.,.,.,.,.,.,.,.,.,.,SRR17247482,A431
NRIP1--LINC02246,1,1,1.0,1.0,ONLY_REF_SPLICE,NRIP1^ENSG00000180530.11,chr21:15043495:-,LINC02246^ENSG00000281903.2,chr21:14857708:-,NO_LDAS,0.1282,GT,1.4566,AG,1.5546,"[""GTEx_recurrent_StarF2019"",""INTRACHROMOSOMAL[chr21:0.04Mb]"",""NEIGHBORS[42683]""]",.,.,.,.,.,.,.,.,.,.,SRR17247482,A431
AC104123.1--CAST,1,1,1.0,1.0,ONLY_REF_SPLICE,AC104123.1^ENSG00000251314.2,chr5:96379652:+,CAST^ENSG00000153113.24,chr5:96675539:+,YES_LDAS,0.1282,GT,1.7819,AG,1.8295,"[""GTEx_recurrent_StarF2019"",""INTRACHROMOSOMAL[chr5:0.11Mb]""]",.,.,.,.,.,.,.,.,.,.,SRR17247482,A431
EGFR--FP236383.3,112,25,110.51,24.66,ONLY_REF_SPLICE,EGFR^ENSG00000146648.19,chr7:55019365:+,FP236383.3^ENSG00000280441.3,chr21:8405960:+,YES_LDAS,3.6794,GT,1.2729,AG,1.9329,"[""INTERCHROMOSOMAL[chr7--chr21]""]",.,.,.,.,.,.,.,.,.,.,SRR12453888,A431
EGFR--PPARGC1A,80,19,80.0,19.0,ONLY_REF_SPLICE,EGFR^ENSG00000146648.19,chr7:55171213:+,PPARGC1A^ENSG00000109819.9,chr4:23884931:-,YES_LDAS,2.6948,GT,1.9899,AG,1.5058,"[""INTERCHROMOSOMAL[chr7--chr4]""]",ENST00000275493.7,1-1919,ENST00000264867.7,55-2397,FRAMESHIFT,chr7|+|[0]55019278-55019365[0]|[1]55142286-55142437[2]|[0]55143305-55143488[0]|[1]55146606-55146740[0]|[1]55151294-55151362[0]|[1]55152546-55152664[2]|[0]55154011-55154152[0]|[1]55155830-55155946[0]|[1]55156533-55156659[1]|[2]55156759-55156832[0]|[1]55157663-55157753[1]|[2]55160139-55160338[0]|[1]55161499-55161631[1]|[2]55163733-55163823[2]|[0]55165280-55165437[1]|[2]55171175-55171213[1]<==>chr4|-|[2]23795822-23795925[1]|[0]23801730-23801881[2]|[1]23802224-23802345[0]|[2]23812747-23812867[2]|[1]23813021-23813125[2]|[1]23813690-23814605[1]|[0]23824280-23824353[2]|[1]23824463-23824508[1]|[0]23828400-23828604[0]|[2]23829463-23829585[0]|[2]23831557-23831751[0]|[2]23884752-23884931[0],atgcgaccctccgggacggccggggcagcgctcctggcgctgctggctgcgctctgcccggcgagtcgggctctggaggaaaagaaagtttgccaaggcacgagtaacaagctcacgcagttgggcacttttgaagatcattttctcagcctccagaggatgttcaataactgtgaggtggtccttgggaatttggaaattacctatgtgcagaggaattatgatctttccttcttaaagaccatccaggaggtggctggttatgtcctcattgccctcaacacagtggagcgaattcctttggaaaacctgcagatcatcagaggaaatatgtactacgaaaattcctatgccttagcagtcttatctaactatgatgcaaataaaaccggactgaaggagctgcccatgagaaatttacaggaaatcctgcatggcgccgtgcggttcagcaacaaccctgccctgtgcaacgtggagagcatccagtggcgggacatagtcagcagtgactttctcagcaacatgtcgatggacttccagaaccacctgggcagctgccaaaagtgtgatccaagctgtcccaatgggagctgctggggtgcaggagaggagaactgccagaaactgaccaaaatcatctgtgcccagcagtgctccgggcgctgccgtggcaagtcccccagtgactgctgccacaaccagtgtgctgcaggctgcacaggcccccgggagagcgactgcctggtctgccgcaaattccgagacgaagccacgtgcaaggacacctgccccccactcatgctctacaaccccaccacgtaccagatggatgtgaaccccgagggcaaatacagctttggtgccacctgcgtgaagaagtgtccccgtaattatgtggtgacagatcacggctcgtgcgtccgagcctgtggggccgacagctatgagatggaggaagacggcgtccgcaagtgtaagaagtgcgaagggccttgccgcaaagtgtgtaacggaataggtattggtgaatttaaagactcactctccataaatgctacgaatattaaacacttcaaaaactgcacctccatcagtggcgatctccacatcctgccggtggcatttaggggtgactccttcacacatactcctcctctggatccacaggaactggatattctgaaaaccgtaaaggaaatcacagggtttttgctgattcaggcttggcctgaaaacaggacggacctccatgcctttgagaacctagaaatcatacgcggcaggaccaagcaacatggtcagttttctcttgcagtcgtcagcctgaacataacatccttgggattacgctccctcaaggagataagtgatggagatgtgataatttcaggaaacaaaaatttgtgctatgcaaatacaataaactggaaaaaactgtttgggacctccggtcagaaaaccaaaattataagcaacagaggtgaaaacagctgcaaggccacaggccaggtctgccatgccttgtgctcccccgagggctgctggggcccggagcccagggactgcgtctcttgccggaatgtcagccgaggcagggaatgcgtggacaagtgcaaccttctggagggtgagccaagggagtttgtggagaactctgagtgcatacagtgccacccagagtgcctgcctcaggccatgaacatcacctgcacaggacggggaccagacaactgtatccagtgtgcccactacattgacggcccccactgcgtcaagacctgcccggcaggagtcatgggagaaaacaacaccctggtctggaagtacgcagacgccggccatgtgtgccacctgtgccatccaaactgcacctacggatgcactgggccaggtcttgaaggctgtccaacgaatggTGTGCTGCTCTGGTTGGTGAAGACCAGCCTCTTTGCCCAGATCTTCCTGAACTTGATCTTTCTGAACTAGATGTGAACGACTTGGATACAGACAGCTTTCTGGGTGGACTCAAGTGGTGCAGTGACCAATCAGAAATAATATCCAATCAGTACAACAATGAGCCTTCAAACATATTTGAGAAGATAGATGAAGAGAATGAGGCAAACTTGCTAGCAGTCCTCACAGAGACACTAGACAGTCTCCCTGTGGATGAAGACGGATTGCCCTCATTTGATGCGCTGACAGATGGAGACGTGACCACTGACAATGAGGCTAGTCCTTCCTCCATGCCTGACGGCACCCCTCCACCCCAGGAGGCAGAAGAGCCGTCTCTACTTAAGAAGCTCTTACTGGCACCAGCCAACACTCAGCTAAGTTATAATGAATGCAGTGGTCTCAGTACCCAGAACCATGCAAATCACAATCACAGGATCAGAACAAACCCTGCAATTGTTAAGACTGAGAATTCATGGAGCAATAAAGCGAAGAGTATTTGTCAACAGCAAAAGCCACAAAGACGTCCCTGCTCGGAGCTTCTCAAATATCTGACCACAAACGATGACCCTCCTCACACCAAACCCACAGAGAACAGAAACAGCAGCAGAGACAAATGCACCTCCAAAAAGAAGTCCCACACACAGTCGCAGTCACAACACTTACAAGCCAAACCAACAACTTTATCTCTTCCTCTGACCCCAGAGTCACCAAATGACCCCAAGGGTTCCCCATTTGAGAACAAGACTATTGAACGCACCTTAAGTGTGGAACTCTCTGGAACTGCAGGCCTAACTCCACCCACCACTCCTCCTCATAAAGCCAACCAAGATAACCCTTTTAGGGCTTCTCCAAAGCTGAAGTCCTCTTGCAAGACTGTGGTGCCACCACCATCAAAGAAGCCCAGGTACAGTGAGTCTTCTGGTACACAAGGCAATAACTCCACCAAGAAAGGGCCGGAGCAATCCGAGTTGTATGCACAACTCAGCAAGTCCTCAGTCCTCACTGGTGGACACGAGGAAAGGAAGACCAAGCGGCCCAGTCTGCGGCTGTTTGGTGACCATGACTATTGCCAGTCAATTAATTCCAAAACAGAAATACTCATTAATATATCACAGGAGCTCCAAGACTCTAGACAACTAGAAAATAAAGATGTCTCCTCTGATTGGCAGGGGCAGATTTGTTCTTCCACAGATTCAGACCAGTGCTACCTGAGAGAGACTTTGGAGGCAAGCAAGCAGGTCTCTCCTTGCAGCACAAGAAAACAGCTCCAAGACCAGGAAATCCGAGCCGAGCTGAACAAGCACTTCGGTCATCCCAGTCAAGCTGTTTTTGACGACGAAGCAGACAAGACCGGTGAACTGAGGGACAGTGATTTCAGTAATGAACAATTCTCCAAACTACCTATGTTTATAAATTCAGGACTAGCCATGGATGGCCTGTTTGATGACAGCGAAGATGAAAGTGATAAACTGAGCTACCCTTGGGATGGCACGCAATCCTATTCATTGTTCAATGTGTCTCCTTCTTGTTCTTCTTTTAACTCTCCATGTAGAGATTCTGTGTCACCACCCAAATCCTTATTTTCTCAAAGACCCCAAAGGATGCGCTCTCGTTCAAGGTCCTTTTCTCGACACAGGTCGTGTTCCCGATCACCATATTCCAGGTCAAGATCAAGGTCTCCAGGCAGTAGATCCTCTTCAAGATCCTGCTATTACTATGAGTCAAGCCACTACAGACACCGCACGCACCGAAATTCTCCCTTGTATGTGAGATCACGTTCAAGATCGCCCTACAGCCGTCGGCCCAGGTATGACAGCTACGAGGAATATCAGCACGAGAGGCTGAAGAGGGAAGAATATCGCAGAGAGTATGAGAAGCGAGAGTCTGAGAGGGCCAAGCAAAGGGAGAGGCAGAGGCAGAAGGCAATTGAAGAGCGCCGTGTGATTTATGTCGGTAAAATCAGACCTGACACAACACGGACAGAACTGAGGGACCGTTTTGAAGTTTTTGGTGAAATTGAGGAGTGCACAGTAAATCTGCGGGATGATGGAGACAGCTATGGTTTCATTACCTACCGTTATACCTGTGATGCTTTTGCTGCTCTTGAAAATGGATACACTTTGCGCAGGTCAAACGAAACTGACTTTGAGCTGTACTTTTGTGGACGCAAGCAATTTTTCAAGTCTAACTATGCAGACCTAGATTCAAACTCAGATGACTTTGACCCTGCTTCCACCAAGAGCAAGTATGACTCTCTGGATTTTGATAGTTTACTGAAAGAAGCTCAGAGAAGCTTGCGCAGGTAA,MRPSGTAGAALLALLAALCPASRALEEKKVCQGTSNKLTQLGTFEDHFLSLQRMFNNCEVVLGNLEITYVQRNYDLSFLKTIQEVAGYVLIALNTVERIPLENLQIIRGNMYYENSYALAVLSNYDANKTGLKELPMRNLQEILHGAVRFSNNPALCNVESIQWRDIVSSDFLSNMSMDFQNHLGSCQKCDPSCPNGSCWGAGEENCQKLTKIICAQQCSGRCRGKSPSDCCHNQCAAGCTGPRESDCLVCRKFRDEATCKDTCPPLMLYNPTTYQMDVNPEGKYSFGATCVKKCPRNYVVTDHGSCVRACGADSYEMEEDGVRKCKKCEGPCRKVCNGIGIGEFKDSLSINATNIKHFKNCTSISGDLHILPVAFRGDSFTHTPPLDPQELDILKTVKEITGFLLIQAWPENRTDLHAFENLEIIRGRTKQHGQFSLAVVSLNITSLGLRSLKEISDGDVIISGNKNLCYANTINWKKLFGTSGQKTKIISNRGENSCKATGQVCHALCSPEGCWGPEPRDCVSCRNVSRGRECVDKCNLLEGEPREFVENSECIQCHPECLPQAMNITCTGRGPDNCIQCAHYIDGPHCVKTCPAGVMGENNTLVWKYADAGHVCHLCHPNCTYGCTGPGLEGCPTNGVLLWLVKTSLFAQIFLNLIFLN*M*TTWIQTAFWVDSSGAVTNQK*YPISTTMSLQTYLRR*MKRMRQTC*QSSQRH*TVSLWMKTDCPHLMR*QMET*PLTMRLVLPPCLTAPLHPRRQKSRLYLRSSYWHQPTLS*VIMNAVVSVPRTMQITITGSEQTLQLLRLRIHGAIKRRVFVNSKSHKDVPARSFSNI*PQTMTLLTPNPQRTETAAETNAPPKRSPTHSRSHNTYKPNQQLYLFL*PQSHQMTPRVPHLRTRLLNAP*VWNSLELQA*LHPPLLLIKPTKITLLGLLQS*SPLARLWCHHHQRSPGTVSLLVHKAITPPRKGRSNPSCMHNSASPQSSLVDTRKGRPSGPVCGCLVTMTIASQLIPKQKYSLIYHRSSKTLDN*KIKMSPLIGRGRFVLPQIQTSAT*ERLWRQASRSLLAAQENSSKTRKSEPS*TSTSVIPVKLFLTTKQTRPVN*GTVISVMNNSPNYLCL*IQD*PWMACLMTAKMKVIN*ATLGMARNPIHCSMCLLLVLLLTLHVEILCHHPNPYFLKDPKGCALVQGPFLDTGRVPDHHIPGQDQGLQAVDPLQDPAITMSQATTDTARTEILPCM*DHVQDRPTAVGPGMTATRNISTRG*RGKNIAESMRSESLRGPSKGRGRGRRQLKSAV*FMSVKSDLTQHGQN*GTVLKFLVKLRSAQ*ICGMMETAMVSLPTVIPVMLLLLLKMDTLCAGQTKLTLSCTFVDASNFSSLTMQT*IQTQMTLTLLPPRASMTLWILIVY*KKLREACAG,Recep_L_domain|57-167|1e-33^Furin-like|185-338|2.2e-32^GF_recep_IV|190-269|2.1e-07^GF_recep_IV|232-339|0.00012^GF_recep_IV|294-342|0.1^Recep_L_domain|361-480|5e-31^Furin-like|474-557|1.7e-08^GF_recep_IV|505-636|8.7e-50^Furin-like|554-598|0.00041^Furin-like|618-636|0.51^GAPT|650-687|0.00016^Pkinase|712-964|1.8e-42^PK_Tyr_Ser-Thr|714-965|4.3e-91^Kdo|791-856|0.00017^Kinase-like|815-935|3.9e-05^APH|824-860|4.2e-05,Tox-ODYAM1|640-747|4.6e-05^RRM_1|679-739|4.7e-11,SRR12453888,A431
NPC1--FP236383.3,58,11,58.0,10.91,ONLY_REF_SPLICE,NPC1^ENSG00000141458.13,chr18:23533355:-,FP236383.3^ENSG00000280441.3,chr21:8405960:+,YES_LDAS,1.8758,GT,1.9086,AG,1.9329,"[""INTERCHROMOSOMAL[chr18--chr21]""]",.,.,.,.,.,.,.,.,.,.,SRR12453888,A431
MIDEAS--ERG28,57,2,57.0,2.0,ONLY_REF_SPLICE,MIDEAS^ENSG00000156030.13,chr14:73787102:-,ERG28^ENSG00000133935.7,chr14:75657533:-,YES_LDAS,1.606,GT,1.8256,AG,1.6895,"[""INTRACHROMOSOMAL[chr14:1.86Mb]""]",.,.,.,.,.,.,.,.,.,.,SRR12453888,A431
DDX42--MAP3K3,24,3,24.0,3.0,ONLY_REF_SPLICE,DDX42^ENSG00000198231.13,chr17:63787270:+,MAP3K3^ENSG00000198909.8,chr17:63646034:+,YES_LDAS,0.735,GT,1.7465,AG,1.9656,"[""INTRACHROMOSOMAL[chr17:0.08Mb]"",""LOCAL_REARRANGEMENT:+:[77298]""]",ENST00000389924.7,1-221,ENST00000577597.5,123-171,INFRAME,chr17|+|[0]63787050-63787270[1]<==>chr17|+|[2]63646034-63646074[0]|[1]63652557-63652564[2],atgaactggaataaaggtggtcctggcactaagcgaggatttggctttggaggttttgccatcagtgctgggaaaaaggaggaacccaaactcccacagcagtcccacagtgcctttggggcaaccagctcttcttctggatttggaaagtcagctccaccacagcttccttctttctacaaaattggatctaagcgggccaactttgatgaagaaaatgcAGTGACGTCAGAATCAAGTTCGAGCACAACGGGGAGAGGCGAATTATAG,MNWNKGGPGTKRGFGFGGFAISAGKKEEPKLPQQSHSAFGATSSSSGFGKSAPPQLPSFYKIGSKRANFDEENAVTSESSSSTTGRGEL*,ResIII|123-158|0.53,.,SRR12453888,A431
TVP23C--CDRT4,22,4,22.0,4.0,ONLY_REF_SPLICE,TVP23C^ENSG00000175106.17,chr17:15540433:-,CDRT4^ENSG00000239704.11,chr17:15440285:-,YES_LDAS,0.7078,GT,1.8323,AG,1.9899,"[""INTRACHROMOSOMAL[chr17:0.03Mb]"",""NEIGHBORS[26536]""]",.,.,.,.,.,.,.,.,.,.,SRR12453888,A431
C1orf220--AL137796.1,13,0,13.0,0.0,INCL_NON_REF_SPLICE,C1orf220^ENSG00000213057.5,chr1:178547163:+,AL137796.1^ENSG00000273384.1,chr1:178651707:+,YES_LDAS,0.3539,GT,1.9656,AG,1.4566,"[""GTEx_recurrent_StarF2019"",""INTRACHROMOSOMAL[chr1:0.10Mb]""]",.,.,.,.,.,.,.,.,.,.,SRR12453888,A431
LEPROT--LEPR,10,0,10.0,0.0,ONLY_REF_SPLICE,LEPROT^ENSG00000213625.9,chr1:65425378:+,LEPR^ENSG00000116678.20,chr1:65565546:+,YES_LDAS,0.2722,GT,1.8256,AG,1.9219,"[""GTEx_recurrent_StarF2019"",""ChimerSeq"",""INTRACHROMOSOMAL[chr1:0.09Mb]"",""NEIGHBORS[89682]""]",.,.,.,.,.,.,.,.,.,.,SRR12453888,A431
LINC01705--LINC02257,7,0,7.0,0.0,ONLY_REF_SPLICE,LINC01705^ENSG00000232679.2,chr1:222058414:-,LINC02257^ENSG00000238042.5,chr1:221918712:-,YES_LDAS,0.1905,GT,1.7056,AG,1.9329,"[""GTEx_recurrent_StarF2019"",""INTRACHROMOSOMAL[chr1:0.03Mb]"",""NEIGHBORS[32302]""]",.,.,.,.,.,.,.,.,.,.,SRR12453888,A431
KLHL2--LINC00376,7,0,7.0,0.0,ONLY_REF_SPLICE,KLHL2^ENSG00000109466.14,chr4:165238899:+,LINC00376^ENSG00000227564.3,chr13:63227068:-,YES_LDAS,0.1905,GT,1.6402,AG,1.9656,"[""INTERCHROMOSOMAL[chr4--chr13]""]",.,.,.,.,.,.,.,.,.,.,SRR12453888,A431
REV3L--AC106712.1,7,1,7.0,0.88,ONLY_REF_SPLICE,REV3L^ENSG00000009413.16,chr6:111482750:-,AC106712.1^ENSG00000241280.1,chr3:101994561:+,YES_LDAS,0.2145,GT,1.5219,AG,1.9086,"[""INTERCHROMOSOMAL[chr6--chr3]""]",.,.,.,.,.,.,.,.,.,.,SRR12453888,A431
SPATA2L--VPS9D1,6,0,6.0,0.0,ONLY_REF_SPLICE,SPATA2L^ENSG00000158792.16,chr16:89700930:-,VPS9D1^ENSG00000075399.14,chr16:89711969:-,YES_LDAS,0.1633,GT,1.7819,AG,1.9656,"[""INTRACHROMOSOMAL[chr16:0.01Mb]"",""LOCAL_REARRANGEMENT:-:[5429]""]",ENST00000335360.11,1-303,ENST00000561976.5,450-1686,FRAMESHIFT,chr16|-|[2]89700930-89701232[0]<==>chr16|-|[2]89707861-89707954[2]|[1]89708427-89708531[2]|[1]89708857-89708956[1]|[0]89709227-89709435[2]|[1]89709777-89709906[1]|[0]89710586-89711010[2]|[1]89711327-89711412[0]|[2]89711882-89711969[2],atgggcagcagctcgctgtccgaggactaccgccagtgcctggagcgcgagctgcgacggggccgcgcgggcgtgtgcggggacccctcgctgcgcgcggtgctctggcagatcctggtggaggacttcgacctgcacggggcgctgcaggacgacgcgctggctctgctcaccgacgggctgtggggccgcgccgacctggcgcccgcgctacgcggcctggctcgcgccttcgagcttctggagctcgccgcggtgcacctgtacctgctgccctggaggaaggagttcaccaccatcaagGAGGTTTTGCAGCCAAGTCGCCCTGACCCCGGAGGAACGGGAGCAGCGGGCCCTTTACGCCGCCATCCTGGAGTACGAACAGGACCATGACTGGCCGAAGCACTGGAAGGCCAAGCTCAAGAGGAATCCGGGGGACCTGTCACTCGTGACCAGCCTGGTCTCACACCTGCTCAGCCTCCCCGACCACCCGATCGCGCAGCTCCTGAGGCGGCTGCAGTGCTCCGTGTACAGCGCCCTGTATCCCGCCGTGAGCAGAGCAGCCGCGCCAGCCCCAGGCTGCTGCCCCCCGACCCCCAACCCCGGAAGCCGACGGCTGCGGCCCTCGCAGAGCCTCCATTGCATGCTGTCCCCGCCCGAGCCCAGCGCAGCCCCGCGGCCCCAGGACAGTCCCCCCACGCCCCCACTCCAACCCGGCCCCGTGGGGTCTCCCTCACCCCTGGGGGACACCGCATCTGGATTGCCAGACAAGGACAGCTCGTTCGAGGACCTGGAGCAGTTCCTGGGGACGTCTGAGCGGCAGGGCCGGGGCCGTGGGGTACAGCCGGAGCCCCAGCTGCAGCAGCTGAAGACCGCGGTGGAGGAGATCCACAATGCCGTAGACAGGCTGCTCTCGCTGACCCTTCTGGCCTTCGAAGGCCTAAACACAGCTGCCTCCAAGGACCGCTGCCTGGCCTGCATTGAGGAACCCTTTTTCTCCCCGCTGTGGCCTCTGCTGCTGGCCCTGTACAGGAGCGTGCACCGAGCCCGGGAGGCTGCCCTGAGCAGGAGCATGGAGCTCTACAGGAATGCACCCCCCACCGCCATTGGCATCCCCACCAAGCTCCTCCCCCAGAACCCTGAGGCCAAGGGGGCCACTGGCTACCCCTACTGCGCGGCGGCCCAGGAGCTCGGACTGCTGGTCCTGGAGAGCTGCCCCCAGAAGAAGCTGGAGTGCATAGTGCGGACCCTGCGGATCATCTGTGTCTGTGCGGAAGACTACTGCCCCACCCCAGAGGCCACACCCCAGGCCGGGCCCCCGCCCATCGCTGCAGCTGCCATTGGTGCCGATGACCTGCTGCCCATCCTGTCCTTCGTGGTGCTGAGGAGCGGCCTCCCTCAGCTGGTGTCGGAGTGCGCGGCCCTGGAGGAGTTCATCCACGAGGGGTACCTGATCGGAGAGGAGGGCTACTGCCTCACATCACTGCAGAGTGCCCTGAGCTACGTGGAGCTGCTGCCCCGGGGAGGCCTGGCCAAGTAG,MGSSSLSEDYRQCLERELRRGRAGVCGDPSLRAVLWQILVEDFDLHGALQDDALALLTDGLWGRADLAPALRGLARAFELLELAAVHLYLLPWRKEFTTIKEVLQPSRPDPGGTGAAGPLRRHPGVRTGP*LAEALEGQAQEESGGPVTRDQPGLTPAQPPRPPDRAAPEAAAVLRVQRPVSRREQSSRASPRLLPPDPQPRKPTAAALAEPPLHAVPARAQRSPAAPGQSPHAPTPTRPRGVSLTPGGHRIWIARQGQLVRGPGAVPGDV*AAGPGPWGTAGAPAAAAEDRGGGDPQCRRQAALADPSGLRRPKHSCLQGPLPGLH*GTLFLPAVASAAGPVQERAPSPGGCPEQEHGALQECTPHRHWHPHQAPPPEP*GQGGHWLPLLRGGPGARTAGPGELPPEEAGVHSADPADHLCLCGRLLPHPRGHTPGRAPAHRCSCHWCR*PAAHPVLRGAEERPPSAGVGVRGPGGVHPRGVPDRRGGLLPHITAECPELRGAAAPGRPGQV,.,VPS9-PARTIAL|~450-552|1.6e-27,SRR12453888,A431
FOXK2--NARF,5,0,5.0,0.0,ONLY_REF_SPLICE,FOXK2^ENSG00000141568.21,chr17:82520307:+,NARF^ENSG00000141562.18,chr17:82459992:+,YES_LDAS,0.1361,GT,1.7056,AG,1.4566,"[""TumorFusionsNAR2018"",""ChimerSeq"",""INTRACHROMOSOMAL[chr17:0.03Mb]"",""LOCAL_REARRANGEMENT:+:[29176]""]",ENST00000473637.6,1-419,ENST00000412079.6,28-1512,FRAMESHIFT,chr17|+|[0]82519889-82520307[1]<==>chr17|+|[0]82459992-82460072[2]|[0]82464287-82464430[2]|[0]82468764-82468896[0]|[1]82472564-82472698[0]|[1]82478800-82478918[2]|[0]82481082-82481211[0]|[1]82481813-82481835[2]|[0]82483187-82483304[0]|[1]82483716-82483779[1]|[2]82484813-82484950[1]|[2]82485497-82485654[0]|[1]82487916-82488157[2],atggcggcggccgcggcggcgctctcgggcgcgggcacgccacccgcgggcggcggggccgggggcggcggggccgggggcggcgggtccccgccgggcggctgggccgtggcgcgcctggagggccgcgagttcgagtatctgatgaagaagcgctcggtgaccatcggccgcaactcgtcgcagggctcggtggacgtgagcatgggccactcgagcttcatctcccggcgccacctcgagatcttcacgcccccgggcggcggcggccatggcggggccgctccggagctgccgcccgcgcagcccaggcccgacgccggcggcgacttctacctgcgctgcttgggcaagaacggggtattcgtggacggcgtgttccagaggcgcggggcgccgccgctgcagctgccgcgcgtGAATGTAGTAAGAAAACAAAAACTGATGACCAAGAGAATGTGTCAGCCGATGCACCGAGTCCAGCCCAGGAAAATGGAGAGAAGGGAGAATTCCACAAGTTGGCTGATGCCAAGATATTTTTGAGCGACTGCCTGGCATGTGACAGCTGTATGACTGCAGAGGAAGGAGTCCAACTTTCCCAGCAAAATGCCAAGGACTTCTTCCGCGTTCTGAACCTTAACAAGAAATGTGATACCTCAAAGCACAAAGTGCTGGTAGTGTCTGTGTGTCCTCAATCTTTGCCTTATTTTGCTGCTAAATTCAACCTCAGTGTAACTGATGCATCCAGAAGACTCTGTGGTTTCCTCAAAAGTCTTGGGGTGCACTATGTATTTGATACGACGATAGCTGCGGATTTTAGTATCCTGGAGAGTCAAAAAGAATTCGTGCGTCGCTATCGCCAGCACAGTGAGGAGGAACGCACCCTGCCCATGCTGACCTCTGCCTGTCCTGGCTGGGTCCGATACGCCGAGCGGGTGCTGGGTCGCCCCATCACTGCCCACCTCTGCACCGCCAAGTCCCCCCAGCAGGTCATGGGCTCTTTGGTGAAGGATTATTTCGCCAGACAGCAGAACCTGTCTCCAGAGAAGATTTTCCACGTCATTGTGGCCCCTTGTTATGACAAGAAGCTGGAGGCTCTTCAGGAAAGCCTTCCCCCTGCTTTGCATGGCTCCCGGGGCGCTGACTGCGTGTTAACATCAGGTAAGGTACTTATCTCTTGGTGGTGCACACCTGTAATCACAGCTACTCAGGAGGCTGCGGCAAGAGAATCACTTGAACCCGGGAGGCAGAGGTTACAGCGAGACAAGATTGCACCACTGGACTCCAGCCTGGGCGGCGGAGGTGAAATTGCTCAAATAATGGAGCAAGGTGACCTCTCAGTGAGAGATGCTGCCGTCGACACTCTGTTTGGAGACTTGAAGGAGGACAAAGTGACGCGTCATGATGGAGCCAGCTCAGACGGGCACCTGGCACACATCTTCAGACATGCGGCCAAGGAGCTGTTCAACGAGGATGTGGAGGAGGTCACTTACCGAGCCCTGAGAAACAAAGACTTCCAAGAGGTCACCCTTGAGAAGAACGGAGAGGTGGTGTTACGCTTTGCTGCAGCCTATGGCTTTCGAAACATCCAGAACATGATCCTGAAGCTTAAGAAGGGCAAGTTCCCATTCCACTTTGTGGAGGTCCTCGCCTGTGCTGGAGGATGCTTAAATGGCAGAGGCCAAGCCCAGACTCCAGACGGACATGCGGATAAGGCCCTGCTGCGGCAGATGGAAGGCATTTACGCTGACATCCCTGTGCGGCGTCCGGAGTCCAGTGCACACGTGCAGGAGCTGTACCAGGAGTGGCTGGAGGGGATCAACTCCCCCAAGGCCCGAGAGGTGCTGCATACCACGTACCAGAGCCAGGAGCGTGGCACACACAGCCTGGACATCAAGTGGTGA,MAAAAAALSGAGTPPAGGGAGGGGAGGGGSPPGGWAVARLEGREFEYLMKKRSVTIGRNSSQGSVDVSMGHSSFISRRHLEIFTPPGGGGHGGAAPELPPAQPRPDAGGDFYLRCLGKNGVFVDGVFQRRGAPPLQLPRVNVVRKQKLMTKRMCQPMHRVQPRKMERRENSTSWLMPRYF*ATAWHVTAV*LQRKESNFPSKMPRTSSAF*TLTRNVIPQSTKCW*CLCVLNLCLILLLNSTSV*LMHPEDSVVSSKVLGCTMYLIRR*LRILVSWRVKKNSCVAIASTVRRNAPCPC*PLPVLAGSDTPSGCWVAPSLPTSAPPSPPSRSWALW*RIISPDSRTCLQRRFSTSLWPLVMTRSWRLFRKAFPLLCMAPGALTAC*HQVRYLSLGGAHL*SQLLRRLRQENHLNPGGRGYSETRLHHWTPAWAAEVKLLK*WSKVTSQ*EMLPSTLCLET*RRTK*RVMMEPAQTGTWHTSSDMRPRSCSTRMWRRSLTEP*ETKTSKRSPLRRTERWCYALLQPMAFETSRT*S*SLRRASSHSTLWRSSPVLEDA*MAEAKPRLQTDMRIRPCCGRWKAFTLTSLCGVRSPVHTCRSCTRSGWRGSTPPRPERCCIPRTRARSVAHTAWTSSG,FHA|54-130|2.5e-11^Forkhead|257-341|8.5e-42,Fe_hyd_lg_C|93-428|9.1e-62^Fe_hyd_SSU|441-491|2.9e-15,SRR12453888,A431
ANKRD28--MRPS25,5,0,5.0,0.0,ONLY_REF_SPLICE,ANKRD28^ENSG00000206560.11,chr3:15707924:-,MRPS25^ENSG00000131368.8,chr3:15059475:-,YES_LDAS,0.1361,GT,1.7465,AG,1.3383,"[""INTRACHROMOSOMAL[chr3:0.60Mb]""]",ENST00000399451.6,1-1457,ENST00000253686.7,135-522,INFRAME,chr3|-|[1]15707924-15708064[2]|[1]15709668-15709736[2]|[1]15711211-15711274[1]|[0]15712140-15712222[2]|[1]15713527-15713641[1]|[0]15714578-15714656[0]|[2]15720915-15721127[0]|[2]15724382-15724524[1]|[0]15735410-15735497[0]|[2]15737033-15737233[0]|[2]15751750-15751820[1]|[0]15766234-15766312[0]|[2]15795223-15795306[0]|[2]15859377-15859403[0]<==>chr3|-|[2]15052441-15052633[2]|[1]15053380-15053467[1]|[0]15059369-15059475[2],atggcgttcctcaaactccgtgaccagccatcactggtgcaagctatatttaacggagatcctgatgaagttcgagcactaatatttaagaaagaagatgttaactttcaggacaatgaaaagcgaaccccattgcacgccgcagcttaccttggagatgcagaaatcattgaacttcttattttatctggagctagagttaatgccaaagacagcaaatggttgacacctttacacagagcagttgcatcttgtagtgaggaagcagttcaggtacttttgaagcattctgcagatgttaatgctcgagacaaaaattggcaaacccctttacatatagctgctgctaataaagctgtaaagtgtgctgaagctttggtacctcttctgagtaatgtaaacgtatctgatcgagcagggaggactgcattacatcatgcagctttcagtggacatggtgagatggtcaaactactcttgtctagaggtgccaatattaatgcttttgacaagaaagataggcgtgctatccattgggcagcatatatgggtcacattgaagtagtgaaattgcttgtgtcgcatggagctgaagtgacatgcaaggataaaaagtcttatacacctcttcatgcagcagcctctagtggaatgatcagcgtagtcaagtaccttctagatcttggagttgatatgaatgaaccaaatgcctatggaaatacacctcttcatgtagcctgctataatggacaagatgttgtagtgaatgaacttatagactgtggtgctattgtgaatcaaaagaatgaaaaaggatttactcctttgcactttgctgctgcatcaacacatggagcattgtgtttagagcttctagttggcaatggggccgatgtcaatatgaagagtaaagatgggaaaaccccactacacatgactgctctccacggtagattctcccgatcacaaaccattatccagagtggagctgtaatcgactgtgaggataagaatggaaatacccctttgcacatagcagcacggtatggccatgagctgctgatcaacactcttattacaagtggtgctgacactgcaaagcgtggcatacatggaatgttccccctccatttggcagccttaagcggcttttcagattgctgcagaaaacttctttcttcaggatttgatatagataccccagatgattttggcaggacttgtctacatgcagctgcagctggagggaatttggagtgcctaaaccttctgctgaatactggtgcagactttaataaaaaggacaaatttgggagatctccactgcactacgctgctgccaactgcaattaccagtgcctgtttgctcttgtgggatcaggagcaagtgtgaatgaccttgatgaaagaggctgcacacccctgcactatgcagctacatcagacacagatggcaaGAAGTTTGTGTTTTTCAACATACCTCAGATTCAATACAAAAACCCTTGGGTGCAGATCATGATGTTTAAGAACATGACGCCGTCACCCTTCCTGCGATTCTACTTAGATTCTGGGGAGCAGGTCCTGGTGGATGTGGAGACCAAGAGCAATAAGGAGATCATGGAGCACATCAGAAAAATCTTGGGGAAGAATGAGGAAACCCTCAGGGAAGAGGAGGAGGAGAAAAAGCAGCTTTCTCACCCAGCCAACTTCGGCCCTCGAAAGTACTGCCTGCGGGAGTGCATCTGTGAAGTGGAAGGGCAGGTGCCCTGCCCCAGCCTGGTGCCATTACCCAAGGAGATGAGGGGGAAGTACAAAGCCGCTCTGAAAGCCGATGCCCAGGACTAA,MAFLKLRDQPSLVQAIFNGDPDEVRALIFKKEDVNFQDNEKRTPLHAAAYLGDAEIIELLILSGARVNAKDSKWLTPLHRAVASCSEEAVQVLLKHSADVNARDKNWQTPLHIAAANKAVKCAEALVPLLSNVNVSDRAGRTALHHAAFSGHGEMVKLLLSRGANINAFDKKDRRAIHWAAYMGHIEVVKLLVSHGAEVTCKDKKSYTPLHAAASSGMISVVKYLLDLGVDMNEPNAYGNTPLHVACYNGQDVVVNELIDCGAIVNQKNEKGFTPLHFAAASTHGALCLELLVGNGADVNMKSKDGKTPLHMTALHGRFSRSQTIIQSGAVIDCEDKNGNTPLHIAARYGHELLINTLITSGADTAKRGIHGMFPLHLAALSGFSDCCRKLLSSGFDIDTPDDFGRTCLHAAAAGGNLECLNLLLNTGADFNKKDKFGRSPLHYAAANCNYQCLFALVGSGASVNDLDERGCTPLHYAATSDTDGKKFVFFNIPQIQYKNPWVQIMMFKNMTPSPFLRFYLDSGEQVLVDVETKSNKEIMEHIRKILGKNEETLREEEEEKKQLSHPANFGPRKYCLRECICEVEGQVPCPSLVPLPKEMRGKYKAALKADAQD*,Ank_3|11-35|0.027^Ank_2|12-104|3e-18^Ank_4|12-61|3.2e-07^Ank_5|12-31|1^Ank|15-39|1.3^Ank_5|32-81|3.5e-08^Ank_3|41-69|1.4e-05^Ank|42-71|3.6e-09^Ank_5|65-82|0.001^Ank_4|75-127|2.2e-16^Ank|76-105|1.4e-07^Ank_3|76-102|6.4e-07^Ank_5|93-147|1e-11^Ank_2|108-170|4.5e-16^Ank|108-135|0.00021^Ank_3|108-128|0.0034^Ank_4|132-160|2.5e-08^Ank_5|132-171|6.2e-08^Ank_4|140-193|7.3e-17^Ank|140-170|5.8e-10^Ank_3|140-168|1.2e-09^Ank_5|159-204|9.2e-08^Ank_2|173-234|1e-15^Ank_3|175-199|2.2e-05^Ank|176-204|9.1e-07^Ank_5|192-246|3.3e-13^Ank_4|207-251|1.2e-15^Ank|207-233|4.7e-06^Ank_3|207-231|9.4e-07^Ank_2|230-302|1.2e-14^Ank|238-269|2.3e-08^Ank_3|238-266|1.4e-07^Ank_4|258-282|0.00015^Ank_5|258-312|4.9e-13^Ank|272-303|7.4e-08^Ank_3|272-301|1.2e-06^Ank_2|276-365|8.1e-16^Ank_4|288-321|9.9e-08^Ank|305-317|0.0073^Ank_3|305-321|0.045^Ank_4|324-351|9e-06^Ank_5|332-351|2.8e-06^Ank|338-366|1.1e-09^Ank_3|338-364|2.7e-07^Ank|371-402|5.9e-05^Ank_5|371-392|0.00017^Ank_3|372-399|4.4e-05^Ank_4|375-425|5.8e-13^Ank_2|376-466|9.6e-21^Ank_5|397-445|7.8e-12^Ank|405-436|8e-08^Ank_3|405-432|4.6e-06^Ank_4|409-457|2.2e-15^Ank|438-468|3.2e-06^Ank_3|438-465|8.3e-06^Ank_4|457-492|5.4e-07^Ank_2|460-525|2.4e-10^Ank_5|461-511|1.9e-09^Ank|471-503|1.4e-07^Ank_3|471-498|2.6e-05^Ank_4|486-522|0.00011^Ank|505-523|0.38^Ank_3|505-525|0.43^Ank_5|547-590|2.5e-09^Ank_2|549-613|4.3e-15^Ank_4|552-603|5.9e-15^Ank|552-572|0.00028^Ank_3|552-571|0.00035^Ank|583-613|4.5e-07^Ank_3|583-609|8.6e-06^Ank_4|593-637|5.1e-10^Ank_5|593-613|0.6^Ank_2|618-683|7.9e-16^Ank_4|618-669|1e-10^Ank|618-647|6.6e-08^Ank_5|618-642|1.3e-05^Ank_3|618-639|0.00016^Ank_5|643-691|3.3e-12^Ank|652-684|1.5e-09^Ank_3|652-681|1.7e-06^Ank_4|668-702|9.6e-08^Ank_2|680-746|1.1e-10^Ank|686-716|3.1e-06^Ank_3|686-711|0.00014^Ank_4|687-739|6.6e-12^Ank_5|705-739|1e-05^Ank_2|718-778|1.3e-13^Ank|719-749|6.5e-05^Ank_3|719-740|0.0013^Ank_4|746-776|6.5e-08^Ank_5|747-793|2.9e-09^Ank_2|754-815|1.1e-13^Ank|755-776|2.4e-08^Ank_3|755-777|2e-07^Ank_2|789-853|1.3e-13^Ank|789-820|2.4e-05^Ank_4|790-843|1.7e-12^Ank_3|790-815|0.00024^Ank_5|815-863|1.4e-09^Ank_2|821-887|2.9e-17^Ank|823-853|5.4e-09^Ank_3|823-850|1.4e-05^Ank_4|835-876|3.6e-10^Ank_5|842-876|4.7e-06^Ank_2|855-915|1.2e-13^Ank|856-888|7.8e-08^Ank_3|856-877|5.9e-05^Ank_4|858-903|2.4e-09^Ank_5|881-910|2.9e-05^Ank_2|890-953|2.8e-11^Ank_4|891-937|2.5e-07^Ank|891-907|0.00014^Ank_3|891-916|0.00014^Ank_5|918-962|8e-09^Ank_2|927-969|1.4e-06^Ank|927-956|1.4e-07^Ank_3|927-952|2.1e-05^Ank_4|928-975|7.1e-06,.,SRR12453888,A431
NRL--DHRS4-AS1,4,0,4.0,0.0,ONLY_REF_SPLICE,NRL^ENSG00000129535.13,chr14:24114722:-,DHRS4-AS1^ENSG00000215256.4,chr14:23941158:-,YES_LDAS,0.1089,GT,1.9329,AG,1.9899,"[""GTEx_recurrent_StarF2019"",""INTRACHROMOSOMAL[chr14:0.03Mb]"",""NEIGHBORS[26107]""]",.,.,.,.,.,.,.,.,.,.,SRR12453888,A431
CDC37--SARNP,4,0,4.0,0.0,INCL_NON_REF_SPLICE,CDC37^ENSG00000105401.9,chr19:10393286:-,SARNP^ENSG00000205323.9,chr12:55757504:-,YES_LDAS,0.1089,GT,1.5628,AG,1.6402,"[""INTERCHROMOSOMAL[chr19--chr12]""]",.,.,.,.,.,.,.,.,.,.,SRR12453888,A431
ASAP2--TAF1B,4,0,4.0,0.0,ONLY_REF_SPLICE,ASAP2^ENSG00000151693.11,chr2:9207230:+,TAF1B^ENSG00000115750.17,chr2:9919041:+,YES_LDAS,0.1089,GT,1.7465,AG,1.9086,"[""INTRACHROMOSOMAL[chr2:0.44Mb]""]",ENST00000281419.8,1-126,ENST00000263663.10,1272-1767,FRAMESHIFT,chr2|+|[0]9207105-9207230[2]<==>chr2|+|[2]9919041-9919111[0]|[1]9919598-9919820[1]|[2]9933783-9933984[2],atgccggaccagatctccgtgtcggaattcgtggccgagacccatgaggactacaaggcgcccacggcctccagcttcaccacccgcacggcgcagtgccggaacactgtggcggccatcgaggagGTACCTGTGGAAAAGTGAAAAGCCACTCTACTACTCATTTGTCGACAAACCAGTAGCATATAAAAAAAGAGAAATGGTGGTGAATCTACAGAAACAATTTAGCACACTGGTCGAGTCAACAGCAACTGCTGGAAAAAAAAGCCCTTCAAGTTTTCAGTTCAACTGGACTGAAGAGGACACTGATAGAACGTGTTTCCATGGACACAGCCTTCAGGGAGTCCTGAAAGAGAAAGGCCAATCACTGCTGACTAAGAATTCATTATATTGGCTTAGTACACAGAAATTCTGCAGATGCTATTGTACACATGTGACAACCTATGAAGAATCAAATTATTCTCTGAGTTATCAGTTTATACTAAATCTCTTCTCCTTCCTGCTCAGAATAAAGACTTCCCTTCTCCATGAAGAAGTGAGCTTAGTTGAGAAGAAACTTTTTGAGAAAAAATACAGTGTAAAAAGAAAGAAATCAAGATCCAAGAAAGTGAGACGACATTGA,MPDQISVSEFVAETHEDYKAPTASSFTTRTAQCRNTVAAIEEVPVEK*KATLLLICRQTSSI*KKRNGGESTETI*HTGRVNSNCWKKKPFKFSVQLD*RGH**NVFPWTQPSGSPERERPITAD*EFIILA*YTEILQMLLYTCDNL*RIKLFSELSVYTKSLLLPAQNKDFPSP*RSELS*EETF*EKIQCKKKEIKIQESETTL,BAR-PARTIAL|25-126~|1e-09^BAR_3-PARTIAL|32-126~|1.9e-30^ArfGap-PARTIAL|112-126~|2.8,.,SRR12453888,A431
TTLL5--AC005520.2,4,4,4.0,3.71,ONLY_REF_SPLICE,TTLL5^ENSG00000119685.20,chr14:75663223:+,AC005520.2^ENSG00000259065.2,chr14:73789027:+,YES_LDAS,0.2099,GT,1.8892,AG,1.7968,"[""INTRACHROMOSOMAL[chr14:1.83Mb]""]",.,.,.,.,.,.,.,.,.,.,SRR12453888,A431
TNRC6B--HORMAD2-AS1,3,1,3.0,1.0,INCL_NON_REF_SPLICE,TNRC6B^ENSG00000100354.21,chr22:40178140:+,HORMAD2-AS1^ENSG00000227117.6,chr22:30084286:-,YES_LDAS,0.1089,GT,1.9656,AG,1.7819,"[""INTRACHROMOSOMAL[chr22:9.96Mb]""]",.,.,.,.,.,.,.,.,.,.,SRR12453888,A431
TMPRSS13--RPS10,3,1,3.0,1.0,INCL_NON_REF_SPLICE,TMPRSS13^ENSG00000137747.16,chr11:117918506:-,RPS10^ENSG00000124614.16,chr6:34425107:-,NO_LDAS,0.1089,GT,1.5329,AG,1.9329,"[""INTERCHROMOSOMAL[chr11--chr6]""]",ENST00000524993.6,1-354,ENST00000644700.1,115-642,INFRAME,chr11|-|[2]117918506-117918838[0]|[2]117929287-117929307[0]<==>chr6|-|[2]34418183-34418424[1]|[0]34421730-34421807[1]|[0]34424669-34424840[0]|[2]34425072-34425107[0],atggagagggacagccacgggaatgcatctccagcaagaacaccttcagctggagcatctccagcccaggcatctccagctgggacacctccaggccgggcatctccagcccaggcatctccagcccaggcatctccagctgggacacctccgggccgggcatctccagcccaggcatctccagctggtacacctccaggccgggcatctccaggccgggcatctccagcccaggcatctccagcccaggcatctccagcccgggcatctccggctctggcatcactttccaggtcctcatccggcaggtcatcatccgccaggtcagcctcggtgacaacctccccaaccagaAATGTGCCCAACCTTCATGTCATGAAGGCCATGCAGTCTCTCAAGTCCCGAGGCTACGTGAAGGAACAGTTTGCCTGGAGACATTTCTACTGGTACCTTACCAATGAGGGTATCCAGTATCTCCGTGATTACCTTCATCTGCCCCCGGAGATTGTGCCTGCCACCCTACGCCGTAGCCGTCCAGAGACTGGCAGGCCTCGGCCTAAAGGTCTGGAGGGTGAGCGACCTGCGAGACTCACAAGAGGGGAAGCTGACAGAGATACCTACAGACGGAGTGCTGTGCCACCTGGTGCCGACAAGAAAGCCGAGGCTGGGGCTGGGTCAGCAACCGAATTCCAGTTTGTGAGTATCTTCCTATTTGTTTTCCATGAGCCATCACTTGTTCTGGCCTCAGTCTGGTTGCTCTGCAAGTTGTGGGGATGTCATATAGTATGGGTGGGTCCTGTCAACCAGTTCCCTCCTCCCACTTTTTTCCAAATTCCAAATTTTACATTGAGTTGTAGCATGCAAACTTTTGTAAATACATAA,MERDSHGNASPARTPSAGASPAQASPAGTPPGRASPAQASPAQASPAGTPPGRASPAQASPAGTPPGRASPGRASPAQASPAQASPARASPALASLSRSSSGRSSSARSASVTTSPTRNVPNLHVMKAMQSLKSRGYVKEQFAWRHFYWYLTNEGIQYLRDYLHLPPEIVPATLRRSRPETGRPRPKGLEGERPARLTRGEADRDTYRRSAVPPGADKKAEAGAGSATEFQFVSIFLFVFHEPSLVLASVWLLCKLWGCHIVWVGPVNQFPPPTFFQIPNFTLSCSMQTFVNT*,Ldl_recept_a|202-226|1.5e-06^Trypsin_2|226-259|0.72^Hepsin-SRCR|227-322|1.1e-15^Trypsin|230-273|0.47^SRCR_2|232-320|4e-26^SRCR|243-315|4.8e-08^Trypsin-PARTIAL|326-354~|3.2e-71^DUF1986-PARTIAL|337-354~|6.5e-10^Trypsin_2-PARTIAL|353-354~|1.1e-06,.,SRR12453888,A431
ATG13--HSP90B1,3,1,3.0,1.0,INCL_NON_REF_SPLICE,ATG13^ENSG00000175224.16,chr11:46672472:+,HSP90B1^ENSG00000166598.16,chr12:103943300:+,NO_LDAS,0.1089,GT,1.8256,AG,1.9219,"[""INTERCHROMOSOMAL[chr11--chr12]""]",.,.,.,.,.,.,.,.,.,.,SRR12453888,A431
COL17A1--PRRC2A,3,2,3.0,2.0,INCL_NON_REF_SPLICE,COL17A1^ENSG00000065618.21,chr10:104070553:-,PRRC2A^ENSG00000204469.13,chr6:31620758:+,NO_LDAS,0.1361,GT,1.8062,AG,1.4566,"[""INTERCHROMOSOMAL[chr10--chr6]""]",.,.,.,.,.,.,.,.,.,.,SRR12453888,A431
ENO1--HSP90AB1,3,3,3.0,3.0,INCL_NON_REF_SPLICE,ENO1^ENSG00000074800.16,chr1:8866364:-,HSP90AB1^ENSG00000096384.20,chr6:44250417:+,NO_LDAS,0.1634,GT,1.7968,AG,1.8323,"[""INTERCHROMOSOMAL[chr1--chr6]""]",ENST00000647408.1,1-582,ENST00000371646.10,775-2175,INFRAME,chr1|-|[2]8866364-8866501[0]|[2]8867117-8867250[1]|[0]8867988-8868057[0]|[2]8870825-8870883[1]|[0]8871891-8871986[1]|[0]8874824-8874908[0]<==>chr6|+|[0]44250417-44250599[2]|[0]44251048-44251213[0]|[1]44251418-44251608[2]|[0]44251737-44251884[0]|[1]44251999-44252267[2]|[0]44253045-44253378[0]|[1]44253489-44253598[2],atgtctattctcaagatccatgccagggagatctttgactctcgcgggaatcccactgttgaggttgatctcttcacctcaaaaggtctcttcagagctgctgtgcccagtggtgcttcaactggtatctatgaggccctagagctccgggacaatgataagactcgctatatggggaagggcgtctccagacccattaagtatattaatgagttcctggcaccagccctgtgcactcagaaactgaacgtcacagaacaagagaagattgacaaactgatgatcgagatggatggaacagaaaataaatctaagtttggtgcgaacgccattctgggggtgtcccttgccgtctgcaaagctggtgccgttgagaagggggtccccctgtaccgccacatcgctgacttggctggcaactctgaagtcatcctgccagtcccggcgttcaatgtcatcaatggcggttctcatgctggcaacaagctggccatgcaggagttcatgatcctcccagtcggtgcagcaaacttcagggaagccatgcgcattggagcagaggtttaccacaacctgaagaatGATGACAGCGGTAAGGATAAGAAGAAGAAAACTAAGAAGATCAAAGAGAAATACATTGATCAGGAAGAACTAAACAAGACCAAGCCTATTTGGACCAGAAACCCTGATGACATCACCCAAGAGGAGTATGGAGAATTCTACAAGAGCCTCACTAATGACTGGGAAGACCACTTGGCAGTCAAGCACTTTTCTGTAGAAGGTCAGTTGGAATTCAGGGCATTGCTATTTATTCCTCGTCGGGCTCCCTTTGACCTTTTTGAGAACAAGAAGAAAAAGAACAACATCAAACTCTATGTCCGCCGTGTGTTCATCATGGACAGCTGTGATGAGTTGATACCAGAGTATCTCAATTTTATCCGTGGTGTGGTTGACTCTGAGGATCTGCCCCTGAACATCTCCCGAGAAATGCTCCAGCAGAGCAAAATCTTGAAAGTCATTCGCAAAAACATTGTTAAGAAGTGCCTTGAGCTCTTCTCTGAGCTGGCAGAAGACAAGGAGAATTACAAGAAATTCTATGAGGCATTCTCTAAAAATCTCAAGCTTGGAATCCACGAAGACTCCACTAACCGCCGCCGCCTGTCTGAGCTGCTGCGCTATCATACCTCCCAGTCTGGAGATGAGATGACATCTCTGTCAGAGTATGTTTCTCGCATGAAGGAGACACAGAAGTCCATCTATTACATCACTGGTGAGAGCAAAGAGCAGGTGGCCAACTCAGCTTTTGTGGAGCGAGTGCGGAAACGGGGCTTCGAGGTGGTATATATGACCGAGCCCATTGACGAGTACTGTGTGCAGCAGCTCAAGGAATTTGATGGGAAGAGCCTGGTCTCAGTTACCAAGGAGGGTCTGGAGCTGCCTGAGGATGAGGAGGAGAAGAAGAAGATGGAAGAGAGCAAGGCAAAGTTTGAGAACCTCTGCAAGCTCATGAAAGAAATCTTAGATAAGAAGGTTGAGAAGGTGACAATCTCCAATAGACTTGTGTCTTCACCTTGCTGCATTGTGACCAGCACCTACGGCTGGACAGCCAATATGGAGCGGATCATGAAAGCCCAGGCACTTCGGGACAACTCCACCATGGGCTATATGATGGCCAAAAAGCACCTGGAGATCAACCCTGACCACCCCATTGTGGAGACGCTGCGGCAGAAGGCTGAGGCCGACAAGAATGATAAGGCAGTTAAGGACCTGGTGGTGCTGCTGTTTGAAACCGCCCTGCTATCTTCTGGCTTTTCCCTTGAGGATCCCCAGACCCACTCCAACCGCATCTATCGCATGATCAAGCTAGGTCTAGGTATTGATGAAGATGAAGTGGCAGCAGAGGAACCCAATGCTGCAGTTCCTGATGAGATCCCCCCTCTCGAGGGCGATGAGGATGCGTCTCGCATGGAAGAAGTCGATTAG,MSILKIHAREIFDSRGNPTVEVDLFTSKGLFRAAVPSGASTGIYEALELRDNDKTRYMGKGVSRPIKYINEFLAPALCTQKLNVTEQEKIDKLMIEMDGTENKSKFGANAILGVSLAVCKAGAVEKGVPLYRHIADLAGNSEVILPVPAFNVINGGSHAGNKLAMQEFMILPVGAANFREAMRIGAEVYHNLKNDDSGKDKKKKTKKIKEKYIDQEELNKTKPIWTRNPDDITQEEYGEFYKSLTNDWEDHLAVKHFSVEGQLEFRALLFIPRRAPFDLFENKKKKNNIKLYVRRVFIMDSCDELIPEYLNFIRGVVDSEDLPLNISREMLQQSKILKVIRKNIVKKCLELFSELAEDKENYKKFYEAFSKNLKLGIHEDSTNRRRLSELLRYHTSQSGDEMTSLSEYVSRMKETQKSIYYITGESKEQVANSAFVERVRKRGFEVVYMTEPIDEYCVQQLKEFDGKSLVSVTKEGLELPEDEEEKKKMEESKAKFENLCKLMKEILDKKVEKVTISNRLVSSPCCIVTSTYGWTANMERIMKAQALRDNSTMGYMMAKKHLEINPDHPIVETLRQKAEADKNDKAVKDLVVLLFETALLSSGFSLEDPQTHSNRIYRMIKLGLGIDEDEVAAEEPNAAVPDEIPPLEGDEDASRMEEVD*,Enolase_N|3-134|1.1e-59^Enolase_C|143-430|3.8e-153^MR_MLE_C|272-371|5e-12^MAAL_C|309-390|8.8e-07,.,SRR12453888,A431
COPB1--PSMA1,2,2,2.0,2.0,ONLY_REF_SPLICE,COPB1^ENSG00000129083.13,chr11:14474495:-,PSMA1^ENSG00000129084.18,chr11:14611151:-,YES_LDAS,0.1088,GT,1.2366,AG,1.8892,"[""DEEPEST2019"",""INTRACHROMOSOMAL[chr11:0.00Mb]"",""LOCAL_REARRANGEMENT:-:[4847]""]",.,.,.,.,.,.,.,.,.,.,SRR12453888,A431
REV3L--AC020651.2,2,3,2.0,2.5,ONLY_REF_SPLICE,REV3L^ENSG00000009413.16,chr6:111472013:-,AC020651.2^ENSG00000287682.1,chr3:101924314:+,YES_LDAS,0.1225,GT,1.4566,AG,1.7056,"[""INTERCHROMOSOMAL[chr6--chr3]""]",.,.,.,.,.,.,.,.,.,.,SRR12453888,A431
EGFR--PPARGC1A,102,19,102.0,19.0,ONLY_REF_SPLICE,EGFR^ENSG00000146648.19,chr7:55171213:+,PPARGC1A^ENSG00000109819.9,chr4:23884931:-,YES_LDAS,3.267,GT,1.9899,AG,1.5058,"[""INTERCHROMOSOMAL[chr7--chr4]""]",ENST00000275493.7,1-1919,ENST00000264867.7,55-2397,FRAMESHIFT,chr7|+|[0]55019278-55019365[0]|[1]55142286-55142437[2]|[0]55143305-55143488[0]|[1]55146606-55146740[0]|[1]55151294-55151362[0]|[1]55152546-55152664[2]|[0]55154011-55154152[0]|[1]55155830-55155946[0]|[1]55156533-55156659[1]|[2]55156759-55156832[0]|[1]55157663-55157753[1]|[2]55160139-55160338[0]|[1]55161499-55161631[1]|[2]55163733-55163823[2]|[0]55165280-55165437[1]|[2]55171175-55171213[1]<==>chr4|-|[2]23795822-23795925[1]|[0]23801730-23801881[2]|[1]23802224-23802345[0]|[2]23812747-23812867[2]|[1]23813021-23813125[2]|[1]23813690-23814605[1]|[0]23824280-23824353[2]|[1]23824463-23824508[1]|[0]23828400-23828604[0]|[2]23829463-23829585[0]|[2]23831557-23831751[0]|[2]23884752-23884931[0],atgcgaccctccgggacggccggggcagcgctcctggcgctgctggctgcgctctgcccggcgagtcgggctctggaggaaaagaaagtttgccaaggcacgagtaacaagctcacgcagttgggcacttttgaagatcattttctcagcctccagaggatgttcaataactgtgaggtggtccttgggaatttggaaattacctatgtgcagaggaattatgatctttccttcttaaagaccatccaggaggtggctggttatgtcctcattgccctcaacacagtggagcgaattcctttggaaaacctgcagatcatcagaggaaatatgtactacgaaaattcctatgccttagcagtcttatctaactatgatgcaaataaaaccggactgaaggagctgcccatgagaaatttacaggaaatcctgcatggcgccgtgcggttcagcaacaaccctgccctgtgcaacgtggagagcatccagtggcgggacatagtcagcagtgactttctcagcaacatgtcgatggacttccagaaccacctgggcagctgccaaaagtgtgatccaagctgtcccaatgggagctgctggggtgcaggagaggagaactgccagaaactgaccaaaatcatctgtgcccagcagtgctccgggcgctgccgtggcaagtcccccagtgactgctgccacaaccagtgtgctgcaggctgcacaggcccccgggagagcgactgcctggtctgccgcaaattccgagacgaagccacgtgcaaggacacctgccccccactcatgctctacaaccccaccacgtaccagatggatgtgaaccccgagggcaaatacagctttggtgccacctgcgtgaagaagtgtccccgtaattatgtggtgacagatcacggctcgtgcgtccgagcctgtggggccgacagctatgagatggaggaagacggcgtccgcaagtgtaagaagtgcgaagggccttgccgcaaagtgtgtaacggaataggtattggtgaatttaaagactcactctccataaatgctacgaatattaaacacttcaaaaactgcacctccatcagtggcgatctccacatcctgccggtggcatttaggggtgactccttcacacatactcctcctctggatccacaggaactggatattctgaaaaccgtaaaggaaatcacagggtttttgctgattcaggcttggcctgaaaacaggacggacctccatgcctttgagaacctagaaatcatacgcggcaggaccaagcaacatggtcagttttctcttgcagtcgtcagcctgaacataacatccttgggattacgctccctcaaggagataagtgatggagatgtgataatttcaggaaacaaaaatttgtgctatgcaaatacaataaactggaaaaaactgtttgggacctccggtcagaaaaccaaaattataagcaacagaggtgaaaacagctgcaaggccacaggccaggtctgccatgccttgtgctcccccgagggctgctggggcccggagcccagggactgcgtctcttgccggaatgtcagccgaggcagggaatgcgtggacaagtgcaaccttctggagggtgagccaagggagtttgtggagaactctgagtgcatacagtgccacccagagtgcctgcctcaggccatgaacatcacctgcacaggacggggaccagacaactgtatccagtgtgcccactacattgacggcccccactgcgtcaagacctgcccggcaggagtcatgggagaaaacaacaccctggtctggaagtacgcagacgccggccatgtgtgccacctgtgccatccaaactgcacctacggatgcactgggccaggtcttgaaggctgtccaacgaatggTGTGCTGCTCTGGTTGGTGAAGACCAGCCTCTTTGCCCAGATCTTCCTGAACTTGATCTTTCTGAACTAGATGTGAACGACTTGGATACAGACAGCTTTCTGGGTGGACTCAAGTGGTGCAGTGACCAATCAGAAATAATATCCAATCAGTACAACAATGAGCCTTCAAACATATTTGAGAAGATAGATGAAGAGAATGAGGCAAACTTGCTAGCAGTCCTCACAGAGACACTAGACAGTCTCCCTGTGGATGAAGACGGATTGCCCTCATTTGATGCGCTGACAGATGGAGACGTGACCACTGACAATGAGGCTAGTCCTTCCTCCATGCCTGACGGCACCCCTCCACCCCAGGAGGCAGAAGAGCCGTCTCTACTTAAGAAGCTCTTACTGGCACCAGCCAACACTCAGCTAAGTTATAATGAATGCAGTGGTCTCAGTACCCAGAACCATGCAAATCACAATCACAGGATCAGAACAAACCCTGCAATTGTTAAGACTGAGAATTCATGGAGCAATAAAGCGAAGAGTATTTGTCAACAGCAAAAGCCACAAAGACGTCCCTGCTCGGAGCTTCTCAAATATCTGACCACAAACGATGACCCTCCTCACACCAAACCCACAGAGAACAGAAACAGCAGCAGAGACAAATGCACCTCCAAAAAGAAGTCCCACACACAGTCGCAGTCACAACACTTACAAGCCAAACCAACAACTTTATCTCTTCCTCTGACCCCAGAGTCACCAAATGACCCCAAGGGTTCCCCATTTGAGAACAAGACTATTGAACGCACCTTAAGTGTGGAACTCTCTGGAACTGCAGGCCTAACTCCACCCACCACTCCTCCTCATAAAGCCAACCAAGATAACCCTTTTAGGGCTTCTCCAAAGCTGAAGTCCTCTTGCAAGACTGTGGTGCCACCACCATCAAAGAAGCCCAGGTACAGTGAGTCTTCTGGTACACAAGGCAATAACTCCACCAAGAAAGGGCCGGAGCAATCCGAGTTGTATGCACAACTCAGCAAGTCCTCAGTCCTCACTGGTGGACACGAGGAAAGGAAGACCAAGCGGCCCAGTCTGCGGCTGTTTGGTGACCATGACTATTGCCAGTCAATTAATTCCAAAACAGAAATACTCATTAATATATCACAGGAGCTCCAAGACTCTAGACAACTAGAAAATAAAGATGTCTCCTCTGATTGGCAGGGGCAGATTTGTTCTTCCACAGATTCAGACCAGTGCTACCTGAGAGAGACTTTGGAGGCAAGCAAGCAGGTCTCTCCTTGCAGCACAAGAAAACAGCTCCAAGACCAGGAAATCCGAGCCGAGCTGAACAAGCACTTCGGTCATCCCAGTCAAGCTGTTTTTGACGACGAAGCAGACAAGACCGGTGAACTGAGGGACAGTGATTTCAGTAATGAACAATTCTCCAAACTACCTATGTTTATAAATTCAGGACTAGCCATGGATGGCCTGTTTGATGACAGCGAAGATGAAAGTGATAAACTGAGCTACCCTTGGGATGGCACGCAATCCTATTCATTGTTCAATGTGTCTCCTTCTTGTTCTTCTTTTAACTCTCCATGTAGAGATTCTGTGTCACCACCCAAATCCTTATTTTCTCAAAGACCCCAAAGGATGCGCTCTCGTTCAAGGTCCTTTTCTCGACACAGGTCGTGTTCCCGATCACCATATTCCAGGTCAAGATCAAGGTCTCCAGGCAGTAGATCCTCTTCAAGATCCTGCTATTACTATGAGTCAAGCCACTACAGACACCGCACGCACCGAAATTCTCCCTTGTATGTGAGATCACGTTCAAGATCGCCCTACAGCCGTCGGCCCAGGTATGACAGCTACGAGGAATATCAGCACGAGAGGCTGAAGAGGGAAGAATATCGCAGAGAGTATGAGAAGCGAGAGTCTGAGAGGGCCAAGCAAAGGGAGAGGCAGAGGCAGAAGGCAATTGAAGAGCGCCGTGTGATTTATGTCGGTAAAATCAGACCTGACACAACACGGACAGAACTGAGGGACCGTTTTGAAGTTTTTGGTGAAATTGAGGAGTGCACAGTAAATCTGCGGGATGATGGAGACAGCTATGGTTTCATTACCTACCGTTATACCTGTGATGCTTTTGCTGCTCTTGAAAATGGATACACTTTGCGCAGGTCAAACGAAACTGACTTTGAGCTGTACTTTTGTGGACGCAAGCAATTTTTCAAGTCTAACTATGCAGACCTAGATTCAAACTCAGATGACTTTGACCCTGCTTCCACCAAGAGCAAGTATGACTCTCTGGATTTTGATAGTTTACTGAAAGAAGCTCAGAGAAGCTTGCGCAGGTAA,MRPSGTAGAALLALLAALCPASRALEEKKVCQGTSNKLTQLGTFEDHFLSLQRMFNNCEVVLGNLEITYVQRNYDLSFLKTIQEVAGYVLIALNTVERIPLENLQIIRGNMYYENSYALAVLSNYDANKTGLKELPMRNLQEILHGAVRFSNNPALCNVESIQWRDIVSSDFLSNMSMDFQNHLGSCQKCDPSCPNGSCWGAGEENCQKLTKIICAQQCSGRCRGKSPSDCCHNQCAAGCTGPRESDCLVCRKFRDEATCKDTCPPLMLYNPTTYQMDVNPEGKYSFGATCVKKCPRNYVVTDHGSCVRACGADSYEMEEDGVRKCKKCEGPCRKVCNGIGIGEFKDSLSINATNIKHFKNCTSISGDLHILPVAFRGDSFTHTPPLDPQELDILKTVKEITGFLLIQAWPENRTDLHAFENLEIIRGRTKQHGQFSLAVVSLNITSLGLRSLKEISDGDVIISGNKNLCYANTINWKKLFGTSGQKTKIISNRGENSCKATGQVCHALCSPEGCWGPEPRDCVSCRNVSRGRECVDKCNLLEGEPREFVENSECIQCHPECLPQAMNITCTGRGPDNCIQCAHYIDGPHCVKTCPAGVMGENNTLVWKYADAGHVCHLCHPNCTYGCTGPGLEGCPTNGVLLWLVKTSLFAQIFLNLIFLN*M*TTWIQTAFWVDSSGAVTNQK*YPISTTMSLQTYLRR*MKRMRQTC*QSSQRH*TVSLWMKTDCPHLMR*QMET*PLTMRLVLPPCLTAPLHPRRQKSRLYLRSSYWHQPTLS*VIMNAVVSVPRTMQITITGSEQTLQLLRLRIHGAIKRRVFVNSKSHKDVPARSFSNI*PQTMTLLTPNPQRTETAAETNAPPKRSPTHSRSHNTYKPNQQLYLFL*PQSHQMTPRVPHLRTRLLNAP*VWNSLELQA*LHPPLLLIKPTKITLLGLLQS*SPLARLWCHHHQRSPGTVSLLVHKAITPPRKGRSNPSCMHNSASPQSSLVDTRKGRPSGPVCGCLVTMTIASQLIPKQKYSLIYHRSSKTLDN*KIKMSPLIGRGRFVLPQIQTSAT*ERLWRQASRSLLAAQENSSKTRKSEPS*TSTSVIPVKLFLTTKQTRPVN*GTVISVMNNSPNYLCL*IQD*PWMACLMTAKMKVIN*ATLGMARNPIHCSMCLLLVLLLTLHVEILCHHPNPYFLKDPKGCALVQGPFLDTGRVPDHHIPGQDQGLQAVDPLQDPAITMSQATTDTARTEILPCM*DHVQDRPTAVGPGMTATRNISTRG*RGKNIAESMRSESLRGPSKGRGRGRRQLKSAV*FMSVKSDLTQHGQN*GTVLKFLVKLRSAQ*ICGMMETAMVSLPTVIPVMLLLLLKMDTLCAGQTKLTLSCTFVDASNFSSLTMQT*IQTQMTLTLLPPRASMTLWILIVY*KKLREACAG,Recep_L_domain|57-167|1e-33^Furin-like|185-338|2.2e-32^GF_recep_IV|190-269|2.1e-07^GF_recep_IV|232-339|0.00012^GF_recep_IV|294-342|0.1^Recep_L_domain|361-480|5e-31^Furin-like|474-557|1.7e-08^GF_recep_IV|505-636|8.7e-50^Furin-like|554-598|0.00041^Furin-like|618-636|0.51^GAPT|650-687|0.00016^Pkinase|712-964|1.8e-42^PK_Tyr_Ser-Thr|714-965|4.3e-91^Kdo|791-856|0.00017^Kinase-like|815-935|3.9e-05^APH|824-860|4.2e-05,Tox-ODYAM1|640-747|4.6e-05^RRM_1|679-739|4.7e-11,SRR12453889,A431
EGFR--FP236383.3,102,28,90.79,25.25,ONLY_REF_SPLICE,EGFR^ENSG00000146648.19,chr7:55019365:+,FP236383.3^ENSG00000280441.3,chr21:8405960:+,YES_LDAS,3.133,GT,1.2729,AG,1.9329,"[""INTERCHROMOSOMAL[chr7--chr21]""]",.,.,.,.,.,.,.,.,.,.,SRR12453889,A431
MIDEAS--ERG28,63,0,63.0,0.0,ONLY_REF_SPLICE,MIDEAS^ENSG00000156030.13,chr14:73787102:-,ERG28^ENSG00000133935.7,chr14:75657533:-,YES_LDAS,1.701,GT,1.8256,AG,1.6895,"[""INTRACHROMOSOMAL[chr14:1.86Mb]""]",.,.,.,.,.,.,.,.,.,.,SRR12453889,A431
NPC1--FP236383.3,50,16,50.0,15.3,ONLY_REF_SPLICE,NPC1^ENSG00000141458.13,chr18:23533355:-,FP236383.3^ENSG00000280441.3,chr21:8405960:+,YES_LDAS,1.7631,GT,1.9086,AG,1.9329,"[""INTERCHROMOSOMAL[chr18--chr21]""]",.,.,.,.,.,.,.,.,.,.,SRR12453889,A431
C1orf220--AL137796.1,15,0,15.0,0.0,INCL_NON_REF_SPLICE,C1orf220^ENSG00000213057.5,chr1:178547163:+,AL137796.1^ENSG00000273384.1,chr1:178651707:+,YES_LDAS,0.405,GT,1.9656,AG,1.4566,"[""GTEx_recurrent_StarF2019"",""INTRACHROMOSOMAL[chr1:0.10Mb]""]",.,.,.,.,.,.,.,.,.,.,SRR12453889,A431
DDX42--MAP3K3,15,2,15.0,2.0,ONLY_REF_SPLICE,DDX42^ENSG00000198231.13,chr17:63787270:+,MAP3K3^ENSG00000198909.8,chr17:63646034:+,YES_LDAS,0.459,GT,1.7465,AG,1.9656,"[""INTRACHROMOSOMAL[chr17:0.08Mb]"",""LOCAL_REARRANGEMENT:+:[77298]""]",ENST00000389924.7,1-221,ENST00000577597.5,123-171,INFRAME,chr17|+|[0]63787050-63787270[1]<==>chr17|+|[2]63646034-63646074[0]|[1]63652557-63652564[2],atgaactggaataaaggtggtcctggcactaagcgaggatttggctttggaggttttgccatcagtgctgggaaaaaggaggaacccaaactcccacagcagtcccacagtgcctttggggcaaccagctcttcttctggatttggaaagtcagctccaccacagcttccttctttctacaaaattggatctaagcgggccaactttgatgaagaaaatgcAGTGACGTCAGAATCAAGTTCGAGCACAACGGGGAGAGGCGAATTATAG,MNWNKGGPGTKRGFGFGGFAISAGKKEEPKLPQQSHSAFGATSSSSGFGKSAPPQLPSFYKIGSKRANFDEENAVTSESSSSTTGRGEL*,ResIII|123-158|0.53,.,SRR12453889,A431
TTLL5--AC005520.2,10,2,10.0,2.0,ONLY_REF_SPLICE,TTLL5^ENSG00000119685.20,chr14:75663223:+,AC005520.2^ENSG00000259065.2,chr14:73789027:+,YES_LDAS,0.324,GT,1.8892,AG,1.7968,"[""INTRACHROMOSOMAL[chr14:1.83Mb]""]",.,.,.,.,.,.,.,.,.,.,SRR12453889,A431
NPC1--FP236383.3,10,5,5.0,0.35,ONLY_REF_SPLICE,NPC1^ENSG00000141458.13,chr18:23533355:-,FP236383.3^ENSG00000280441.3,chr21:8406184:+,YES_LDAS,0.1444,GT,1.9086,AG,1.9656,"[""INTERCHROMOSOMAL[chr18--chr21]""]",.,.,.,.,.,.,.,.,.,.,SRR12453889,A431
TVP23C--CDRT4,10,8,10.0,7.33,ONLY_REF_SPLICE,TVP23C^ENSG00000175106.17,chr17:15540433:-,CDRT4^ENSG00000239704.11,chr17:15440285:-,YES_LDAS,0.4679,GT,1.8323,AG,1.9899,"[""INTRACHROMOSOMAL[chr17:0.03Mb]"",""NEIGHBORS[26536]""]",.,.,.,.,.,.,.,.,.,.,SRR12453889,A431
SPATA2L--VPS9D1,8,5,8.0,5.0,ONLY_REF_SPLICE,SPATA2L^ENSG00000158792.16,chr16:89700930:-,VPS9D1^ENSG00000075399.14,chr16:89711969:-,YES_LDAS,0.351,GT,1.7819,AG,1.9656,"[""INTRACHROMOSOMAL[chr16:0.01Mb]"",""LOCAL_REARRANGEMENT:-:[5429]""]",ENST00000335360.11,1-303,ENST00000561976.5,450-1686,FRAMESHIFT,chr16|-|[2]89700930-89701232[0]<==>chr16|-|[2]89707861-89707954[2]|[1]89708427-89708531[2]|[1]89708857-89708956[1]|[0]89709227-89709435[2]|[1]89709777-89709906[1]|[0]89710586-89711010[2]|[1]89711327-89711412[0]|[2]89711882-89711969[2],atgggcagcagctcgctgtccgaggactaccgccagtgcctggagcgcgagctgcgacggggccgcgcgggcgtgtgcggggacccctcgctgcgcgcggtgctctggcagatcctggtggaggacttcgacctgcacggggcgctgcaggacgacgcgctggctctgctcaccgacgggctgtggggccgcgccgacctggcgcccgcgctacgcggcctggctcgcgccttcgagcttctggagctcgccgcggtgcacctgtacctgctgccctggaggaaggagttcaccaccatcaagGAGGTTTTGCAGCCAAGTCGCCCTGACCCCGGAGGAACGGGAGCAGCGGGCCCTTTACGCCGCCATCCTGGAGTACGAACAGGACCATGACTGGCCGAAGCACTGGAAGGCCAAGCTCAAGAGGAATCCGGGGGACCTGTCACTCGTGACCAGCCTGGTCTCACACCTGCTCAGCCTCCCCGACCACCCGATCGCGCAGCTCCTGAGGCGGCTGCAGTGCTCCGTGTACAGCGCCCTGTATCCCGCCGTGAGCAGAGCAGCCGCGCCAGCCCCAGGCTGCTGCCCCCCGACCCCCAACCCCGGAAGCCGACGGCTGCGGCCCTCGCAGAGCCTCCATTGCATGCTGTCCCCGCCCGAGCCCAGCGCAGCCCCGCGGCCCCAGGACAGTCCCCCCACGCCCCCACTCCAACCCGGCCCCGTGGGGTCTCCCTCACCCCTGGGGGACACCGCATCTGGATTGCCAGACAAGGACAGCTCGTTCGAGGACCTGGAGCAGTTCCTGGGGACGTCTGAGCGGCAGGGCCGGGGCCGTGGGGTACAGCCGGAGCCCCAGCTGCAGCAGCTGAAGACCGCGGTGGAGGAGATCCACAATGCCGTAGACAGGCTGCTCTCGCTGACCCTTCTGGCCTTCGAAGGCCTAAACACAGCTGCCTCCAAGGACCGCTGCCTGGCCTGCATTGAGGAACCCTTTTTCTCCCCGCTGTGGCCTCTGCTGCTGGCCCTGTACAGGAGCGTGCACCGAGCCCGGGAGGCTGCCCTGAGCAGGAGCATGGAGCTCTACAGGAATGCACCCCCCACCGCCATTGGCATCCCCACCAAGCTCCTCCCCCAGAACCCTGAGGCCAAGGGGGCCACTGGCTACCCCTACTGCGCGGCGGCCCAGGAGCTCGGACTGCTGGTCCTGGAGAGCTGCCCCCAGAAGAAGCTGGAGTGCATAGTGCGGACCCTGCGGATCATCTGTGTCTGTGCGGAAGACTACTGCCCCACCCCAGAGGCCACACCCCAGGCCGGGCCCCCGCCCATCGCTGCAGCTGCCATTGGTGCCGATGACCTGCTGCCCATCCTGTCCTTCGTGGTGCTGAGGAGCGGCCTCCCTCAGCTGGTGTCGGAGTGCGCGGCCCTGGAGGAGTTCATCCACGAGGGGTACCTGATCGGAGAGGAGGGCTACTGCCTCACATCACTGCAGAGTGCCCTGAGCTACGTGGAGCTGCTGCCCCGGGGAGGCCTGGCCAAGTAG,MGSSSLSEDYRQCLERELRRGRAGVCGDPSLRAVLWQILVEDFDLHGALQDDALALLTDGLWGRADLAPALRGLARAFELLELAAVHLYLLPWRKEFTTIKEVLQPSRPDPGGTGAAGPLRRHPGVRTGP*LAEALEGQAQEESGGPVTRDQPGLTPAQPPRPPDRAAPEAAAVLRVQRPVSRREQSSRASPRLLPPDPQPRKPTAAALAEPPLHAVPARAQRSPAAPGQSPHAPTPTRPRGVSLTPGGHRIWIARQGQLVRGPGAVPGDV*AAGPGPWGTAGAPAAAAEDRGGGDPQCRRQAALADPSGLRRPKHSCLQGPLPGLH*GTLFLPAVASAAGPVQERAPSPGGCPEQEHGALQECTPHRHWHPHQAPPPEP*GQGGHWLPLLRGGPGARTAGPGELPPEEAGVHSADPADHLCLCGRLLPHPRGHTPGRAPAHRCSCHWCR*PAAHPVLRGAEERPPSAGVGVRGPGGVHPRGVPDRRGGLLPHITAECPELRGAAAPGRPGQV,.,VPS9-PARTIAL|~450-552|1.6e-27,SRR12453889,A431
FOXK2--NARF,6,0,6.0,0.0,ONLY_REF_SPLICE,FOXK2^ENSG00000141568.21,chr17:82520307:+,NARF^ENSG00000141562.18,chr17:82459992:+,YES_LDAS,0.162,GT,1.7056,AG,1.4566,"[""TumorFusionsNAR2018"",""ChimerSeq"",""INTRACHROMOSOMAL[chr17:0.03Mb]"",""LOCAL_REARRANGEMENT:+:[29176]""]",ENST00000473637.6,1-419,ENST00000412079.6,28-1512,FRAMESHIFT,chr17|+|[0]82519889-82520307[1]<==>chr17|+|[0]82459992-82460072[2]|[0]82464287-82464430[2]|[0]82468764-82468896[0]|[1]82472564-82472698[0]|[1]82478800-82478918[2]|[0]82481082-82481211[0]|[1]82481813-82481835[2]|[0]82483187-82483304[0]|[1]82483716-82483779[1]|[2]82484813-82484950[1]|[2]82485497-82485654[0]|[1]82487916-82488157[2],atggcggcggccgcggcggcgctctcgggcgcgggcacgccacccgcgggcggcggggccgggggcggcggggccgggggcggcgggtccccgccgggcggctgggccgtggcgcgcctggagggccgcgagttcgagtatctgatgaagaagcgctcggtgaccatcggccgcaactcgtcgcagggctcggtggacgtgagcatgggccactcgagcttcatctcccggcgccacctcgagatcttcacgcccccgggcggcggcggccatggcggggccgctccggagctgccgcccgcgcagcccaggcccgacgccggcggcgacttctacctgcgctgcttgggcaagaacggggtattcgtggacggcgtgttccagaggcgcggggcgccgccgctgcagctgccgcgcgtGAATGTAGTAAGAAAACAAAAACTGATGACCAAGAGAATGTGTCAGCCGATGCACCGAGTCCAGCCCAGGAAAATGGAGAGAAGGGAGAATTCCACAAGTTGGCTGATGCCAAGATATTTTTGAGCGACTGCCTGGCATGTGACAGCTGTATGACTGCAGAGGAAGGAGTCCAACTTTCCCAGCAAAATGCCAAGGACTTCTTCCGCGTTCTGAACCTTAACAAGAAATGTGATACCTCAAAGCACAAAGTGCTGGTAGTGTCTGTGTGTCCTCAATCTTTGCCTTATTTTGCTGCTAAATTCAACCTCAGTGTAACTGATGCATCCAGAAGACTCTGTGGTTTCCTCAAAAGTCTTGGGGTGCACTATGTATTTGATACGACGATAGCTGCGGATTTTAGTATCCTGGAGAGTCAAAAAGAATTCGTGCGTCGCTATCGCCAGCACAGTGAGGAGGAACGCACCCTGCCCATGCTGACCTCTGCCTGTCCTGGCTGGGTCCGATACGCCGAGCGGGTGCTGGGTCGCCCCATCACTGCCCACCTCTGCACCGCCAAGTCCCCCCAGCAGGTCATGGGCTCTTTGGTGAAGGATTATTTCGCCAGACAGCAGAACCTGTCTCCAGAGAAGATTTTCCACGTCATTGTGGCCCCTTGTTATGACAAGAAGCTGGAGGCTCTTCAGGAAAGCCTTCCCCCTGCTTTGCATGGCTCCCGGGGCGCTGACTGCGTGTTAACATCAGGTAAGGTACTTATCTCTTGGTGGTGCACACCTGTAATCACAGCTACTCAGGAGGCTGCGGCAAGAGAATCACTTGAACCCGGGAGGCAGAGGTTACAGCGAGACAAGATTGCACCACTGGACTCCAGCCTGGGCGGCGGAGGTGAAATTGCTCAAATAATGGAGCAAGGTGACCTCTCAGTGAGAGATGCTGCCGTCGACACTCTGTTTGGAGACTTGAAGGAGGACAAAGTGACGCGTCATGATGGAGCCAGCTCAGACGGGCACCTGGCACACATCTTCAGACATGCGGCCAAGGAGCTGTTCAACGAGGATGTGGAGGAGGTCACTTACCGAGCCCTGAGAAACAAAGACTTCCAAGAGGTCACCCTTGAGAAGAACGGAGAGGTGGTGTTACGCTTTGCTGCAGCCTATGGCTTTCGAAACATCCAGAACATGATCCTGAAGCTTAAGAAGGGCAAGTTCCCATTCCACTTTGTGGAGGTCCTCGCCTGTGCTGGAGGATGCTTAAATGGCAGAGGCCAAGCCCAGACTCCAGACGGACATGCGGATAAGGCCCTGCTGCGGCAGATGGAAGGCATTTACGCTGACATCCCTGTGCGGCGTCCGGAGTCCAGTGCACACGTGCAGGAGCTGTACCAGGAGTGGCTGGAGGGGATCAACTCCCCCAAGGCCCGAGAGGTGCTGCATACCACGTACCAGAGCCAGGAGCGTGGCACACACAGCCTGGACATCAAGTGGTGA,MAAAAAALSGAGTPPAGGGAGGGGAGGGGSPPGGWAVARLEGREFEYLMKKRSVTIGRNSSQGSVDVSMGHSSFISRRHLEIFTPPGGGGHGGAAPELPPAQPRPDAGGDFYLRCLGKNGVFVDGVFQRRGAPPLQLPRVNVVRKQKLMTKRMCQPMHRVQPRKMERRENSTSWLMPRYF*ATAWHVTAV*LQRKESNFPSKMPRTSSAF*TLTRNVIPQSTKCW*CLCVLNLCLILLLNSTSV*LMHPEDSVVSSKVLGCTMYLIRR*LRILVSWRVKKNSCVAIASTVRRNAPCPC*PLPVLAGSDTPSGCWVAPSLPTSAPPSPPSRSWALW*RIISPDSRTCLQRRFSTSLWPLVMTRSWRLFRKAFPLLCMAPGALTAC*HQVRYLSLGGAHL*SQLLRRLRQENHLNPGGRGYSETRLHHWTPAWAAEVKLLK*WSKVTSQ*EMLPSTLCLET*RRTK*RVMMEPAQTGTWHTSSDMRPRSCSTRMWRRSLTEP*ETKTSKRSPLRRTERWCYALLQPMAFETSRT*S*SLRRASSHSTLWRSSPVLEDA*MAEAKPRLQTDMRIRPCCGRWKAFTLTSLCGVRSPVHTCRSCTRSGWRGSTPPRPERCCIPRTRARSVAHTAWTSSG,FHA|54-130|2.5e-11^Forkhead|257-341|8.5e-42,Fe_hyd_lg_C|93-428|9.1e-62^Fe_hyd_SSU|441-491|2.9e-15,SRR12453889,A431
BOLA2B--SMG1P2,6,3,3.0,1.2,ONLY_REF_SPLICE,BOLA2B^ENSG00000169627.9,chr16:30193358:-,SMG1P2^ENSG00000205534.6,chr16:29548762:-,YES_LDAS,0.1134,GT,1.9329,AG,1.9329,"[""GTEx_recurrent_StarF2019"",""INTRACHROMOSOMAL[chr16:0.60Mb]""]",.,.,.,.,.,.,.,.,.,.,SRR12453889,A431
REV3L--AC106712.1,5,0,5.0,0.0,ONLY_REF_SPLICE,REV3L^ENSG00000009413.16,chr6:111482750:-,AC106712.1^ENSG00000241280.1,chr3:101994561:+,YES_LDAS,0.135,GT,1.5219,AG,1.9086,"[""INTERCHROMOSOMAL[chr6--chr3]""]",.,.,.,.,.,.,.,.,.,.,SRR12453889,A431
COPB1--PSMA1,5,0,5.0,0.0,ONLY_REF_SPLICE,COPB1^ENSG00000129083.13,chr11:14474495:-,PSMA1^ENSG00000129084.18,chr11:14611151:-,YES_LDAS,0.135,GT,1.2366,AG,1.8892,"[""DEEPEST2019"",""INTRACHROMOSOMAL[chr11:0.00Mb]"",""LOCAL_REARRANGEMENT:-:[4847]""]",.,.,.,.,.,.,.,.,.,.,SRR12453889,A431
ASAP2--TAF1B,5,0,5.0,0.0,ONLY_REF_SPLICE,ASAP2^ENSG00000151693.11,chr2:9207230:+,TAF1B^ENSG00000115750.17,chr2:9919041:+,YES_LDAS,0.135,GT,1.7465,AG,1.9086,"[""INTRACHROMOSOMAL[chr2:0.44Mb]""]",ENST00000281419.8,1-126,ENST00000263663.10,1272-1767,FRAMESHIFT,chr2|+|[0]9207105-9207230[2]<==>chr2|+|[2]9919041-9919111[0]|[1]9919598-9919820[1]|[2]9933783-9933984[2],atgccggaccagatctccgtgtcggaattcgtggccgagacccatgaggactacaaggcgcccacggcctccagcttcaccacccgcacggcgcagtgccggaacactgtggcggccatcgaggagGTACCTGTGGAAAAGTGAAAAGCCACTCTACTACTCATTTGTCGACAAACCAGTAGCATATAAAAAAAGAGAAATGGTGGTGAATCTACAGAAACAATTTAGCACACTGGTCGAGTCAACAGCAACTGCTGGAAAAAAAAGCCCTTCAAGTTTTCAGTTCAACTGGACTGAAGAGGACACTGATAGAACGTGTTTCCATGGACACAGCCTTCAGGGAGTCCTGAAAGAGAAAGGCCAATCACTGCTGACTAAGAATTCATTATATTGGCTTAGTACACAGAAATTCTGCAGATGCTATTGTACACATGTGACAACCTATGAAGAATCAAATTATTCTCTGAGTTATCAGTTTATACTAAATCTCTTCTCCTTCCTGCTCAGAATAAAGACTTCCCTTCTCCATGAAGAAGTGAGCTTAGTTGAGAAGAAACTTTTTGAGAAAAAATACAGTGTAAAAAGAAAGAAATCAAGATCCAAGAAAGTGAGACGACATTGA,MPDQISVSEFVAETHEDYKAPTASSFTTRTAQCRNTVAAIEEVPVEK*KATLLLICRQTSSI*KKRNGGESTETI*HTGRVNSNCWKKKPFKFSVQLD*RGH**NVFPWTQPSGSPERERPITAD*EFIILA*YTEILQMLLYTCDNL*RIKLFSELSVYTKSLLLPAQNKDFPSP*RSELS*EETF*EKIQCKKKEIKIQESETTL,BAR-PARTIAL|25-126~|1e-09^BAR_3-PARTIAL|32-126~|1.9e-30^ArfGap-PARTIAL|112-126~|2.8,.,SRR12453889,A431
ZGPAT--LIME1,4,0,4.0,0.0,INCL_NON_REF_SPLICE,ZGPAT^ENSG00000197114.12,chr20:63736186:+,LIME1^ENSG00000203896.10,chr20:63736197:+,YES_LDAS,0.108,GT,1.6402,AG,1.6729,"[""ConjoinG"",""INTRACHROMOSOMAL[chr20:0.00Mb]"",""NEIGHBORS[141]""]",.,.,.,.,.,.,.,.,.,.,SRR12453889,A431
YAF2--RYBP,4,0,4.0,0.0,INCL_NON_REF_SPLICE,YAF2^ENSG00000015153.15,chr12:42238155:-,RYBP^ENSG00000163602.11,chr3:72446621:-,YES_LDAS,0.108,GT,1.5656,AG,1.4566,"[""INTERCHROMOSOMAL[chr12--chr3]""]",ENST00000548661.5,1-26,ENST00000477973.4,3-657,INFRAME,chr12|-|[1]42238155-42238180[0]<==>chr3|-|[2]72378385-72378637[2]|[1]72379040-72379138[2]|[1]72379251-72379427[2]|[1]72446496-72446621[2],atgggagacaagaagagccccaccagGCCAAAAAGACAAGCGAAACCTGCCGCAGACGAAGGGTTTTGGGATTGTAGCGTCTGCACCTTCAGAAACAGTGCTGAAGCCTTTAAATGCAGCATCTGCGATGTGAGGAAAGGCACCTCCACCAGAAAACCTCGGATCAATTCTCAGCTGGTGGCACAACAAGTGGCACAACAGTATGCCACCCCACCACCCCCTAAAAAGGAGAAGAAGGAGAAAGTTGAAAAGCAGGACAAAGAGAAACCTGAGAAAGACAAGGAAATTAGTCCTAGTGTTACCAAGAAAAATACCAACAAGAAAACCAAACCAAAGTCTGACATTCTGAAAGATCCTCCTAGTGAAGCAAACAGCATACAGTCTGCAAATGCTACAACAAAGACCAGCGAAACAAATCACACCTCAAGGCCCCGGCTGAAAAACGTGGACAGGAGCACTGCACAGCAGTTGGCAGTAACTGTGGGCAACGTCACCGTCATTATCACAGACTTTAAGGAAAAGACTCGCTCCTCATCGACATCCTCATCCACAGTGACCTCCAGTGCAGGGTCAGAACAGCAGAACCAGAGCAGCTCGGGGTCAGAGAGCACAGACAAGGGCTCCTCCCGTTCCTCCACGCCAAAGGGCGACATGTCAGCAGTCAATGATGAATCTTTCTGA,MGDKKSPTRPKRQAKPAADEGFWDCSVCTFRNSAEAFKCSICDVRKGTSTRKPRINSQLVAQQVAQQYATPPPPKKEKKEKVEKQDKEKPEKDKEISPSVTKKNTNKKTKPKSDILKDPPSEANSIQSANATTKTSETNHTSRPRLKNVDRSTAQQLAVTVGNVTVIITDFKEKTRSSSTSSSTVTSSAGSEQQNQSSSGSESTDKGSSRSSTPKGDMSAVNDESF*,.,C1_2|11-36|6.2e-05^zf-RanBP|12-35|1e-11^SpoIIID|20-54|6.3e-05^DUF4808|24-71|0.00067^DUF4808|120-141|1.2^YAF2_RYBP|135-167|1.3e-23^SpoIIID|137-148|1.4,SRR12453889,A431
TMOD3--RPL3,4,0,4.0,0.0,INCL_NON_REF_SPLICE,TMOD3^ENSG00000138594.14,chr15:51911175:+,RPL3^ENSG00000100316.16,chr22:39318580:-,YES_LDAS,0.108,GT,1.4295,AG,1.7968,"[""INTERCHROMOSOMAL[chr15--chr22]""]",.,.,.,.,.,.,.,.,.,.,SRR12453889,A431
SLC16A1--DDR1,4,0,4.0,0.0,INCL_NON_REF_SPLICE,SLC16A1^ENSG00000155380.13,chr1:112913823:-,DDR1^ENSG00000204580.13,chr6:30889278:+,YES_LDAS,0.108,GT,1.8892,AG,1.9656,"[""INTERCHROMOSOMAL[chr1--chr6]""]",.,.,.,.,.,.,.,.,.,.,SRR12453889,A431
RPSAP52--HMGA2,4,0,4.0,0.0,ONLY_REF_SPLICE,RPSAP52^ENSG00000241749.4,chr12:65826843:-,HMGA2^ENSG00000149948.14,chr12:65828001:+,YES_LDAS,0.108,GT,1.9329,AG,1.8256,"[""TCGA_StarF2019"",""CCLE_StarF2019"",""INTRACHROMOSOMAL[chr12:0.00Mb]"",""NEIGHBORS_OVERLAP:-:+:[2537]""]",.,.,.,.,.,.,.,.,.,.,SRR12453889,A431
REV3L--AC106712.1,4,0,4.0,0.0,ONLY_REF_SPLICE,REV3L^ENSG00000009413.16,chr6:111472013:-,AC106712.1^ENSG00000241280.1,chr3:101994561:+,YES_LDAS,0.108,GT,1.4566,AG,1.9086,"[""INTERCHROMOSOMAL[chr6--chr3]""]",.,.,.,.,.,.,.,.,.,.,SRR12453889,A431
HSP90AB1--AL669831.3,4,0,4.0,0.0,INCL_NON_REF_SPLICE,HSP90AB1^ENSG00000096384.20,chr6:44250126:+,AL669831.3^ENSG00000230021.10,chr1:631378:-,YES_LDAS,0.108,GT,1.9219,AG,1.6729,"[""INTERCHROMOSOMAL[chr6--chr1]""]",.,.,.,.,.,.,.,.,.,.,SRR12453889,A431
HMGA1--ZNF3,4,0,4.0,0.0,INCL_NON_REF_SPLICE,HMGA1^ENSG00000137309.20,chr6:34240882:+,ZNF3^ENSG00000166526.18,chr7:100070607:-,YES_LDAS,0.108,GT,1.7465,AG,1.9086,"[""INTERCHROMOSOMAL[chr6--chr7]""]",.,.,.,.,.,.,.,.,.,.,SRR12453889,A431
LINC01705--LINC02257,4,2,4.0,2.0,ONLY_REF_SPLICE,LINC01705^ENSG00000232679.2,chr1:222058414:-,LINC02257^ENSG00000238042.5,chr1:221918712:-,YES_LDAS,0.162,GT,1.7056,AG,1.9329,"[""GTEx_recurrent_StarF2019"",""INTRACHROMOSOMAL[chr1:0.03Mb]"",""NEIGHBORS[32302]""]",.,.,.,.,.,.,.,.,.,.,SRR12453889,A431
S100A2--SPRR1A,3,1,3.0,1.0,INCL_NON_REF_SPLICE,S100A2^ENSG00000196754.13,chr1:153561526:-,SPRR1A^ENSG00000169474.4,chr1:152985291:+,YES_LDAS,0.108,GT,1.8062,AG,1.9656,"[""INTRACHROMOSOMAL[chr1:0.58Mb]""]",ENST00000368708.9,1-210,ENST00000368762.1,61-270,INFRAME,chr1|-|[2]153561526-153561591[0]|[2]153563734-153563877[0]<==>chr1|+|[0]152985291-152985500[2],atgatgtgcagttctctggagcaggcgctggctgtgctggtcactaccttccacaagtactcctgccaagagggcgacaagttcaagctgagtaagggggaaatgaaggaacttctgcacaaggagctgcccagctttgtgggggagaaagtggatgaggaggggctgaagaagctgatgggcagcctggatgagaacagtgaccagcagGTGAAACAACCTTGCCAGCCTCCACCCCAGGAACCATGCATCCCCAAAACCAAGGAGCCCTGCCACCCCAAGGTGCCTGAGCCCTGCCACCCCAAAGTGCCTGAGCCCTGCCAGCCCAAGGTTCCAGAGCCCTGCCAGCCCAAGGTGCCTGAGCCCTGCCCTTCAACGGTCACTCCAGCACCAGCCCAGCAGAAGACCAAGCAGAAGTAA,MMCSSLEQALAVLVTTFHKYSCQEGDKFKLSKGEMKELLHKELPSFVGEKVDEEGLKKLMGSLDENSDQQVKQPCQPPPQEPCIPKTKEPCHPKVPEPCHPKVPEPCQPKVPEPCQPKVPEPCPSTVTPAPAQQKTKQK*,S_100|6-47|4.9e-22^EF-hand_7|28-79|3.2e-08^EF-hand_1|29-41|0.21^DUF1160|35-79|3.2e-05^EF-hand_4|45-96|5.4e-07^S_100|56-60|1.6^EF-hand_1|56-81|2e-05^S_100|73-77|1.4,Cornifin-PARTIAL|~61-73|7.3e-28^Cornifin-PARTIAL|~61-87|5e-13^SPRR2-PARTIAL|~61-86|0.00022,SRR12453889,A431
B2M--ECHDC2,3,1,3.0,1.0,INCL_NON_REF_SPLICE,B2M^ENSG00000166710.21,chr15:44718037:+,ECHDC2^ENSG00000121310.17,chr1:52911829:-,NO_LDAS,0.108,GT,1.7056,AG,1.8892,"[""INTERCHROMOSOMAL[chr15--chr1]""]",.,.,.,.,.,.,.,.,.,.,SRR12453889,A431
YWHAZ--SPINT2,3,2,3.0,2.0,INCL_NON_REF_SPLICE,YWHAZ^ENSG00000164924.18,chr8:100919210:-,SPINT2^ENSG00000167642.13,chr19:38292092:+,YES_LDAS,0.135,GT,1.8256,AG,1.9086,"[""INTERCHROMOSOMAL[chr8--chr19]""]",.,.,.,.,.,.,.,.,.,.,SRR12453889,A431
TNRC6B--HORMAD2-AS1,3,2,3.0,2.0,ONLY_REF_SPLICE,TNRC6B^ENSG00000100354.21,chr22:40178140:+,HORMAD2-AS1^ENSG00000227117.6,chr22:30050589:-,YES_LDAS,0.135,GT,1.9656,AG,1.9656,"[""INTRACHROMOSOMAL[chr22:9.96Mb]""]",.,.,.,.,.,.,.,.,.,.,SRR12453889,A431
ACTB--ACTN1,3,2,3.0,2.0,INCL_NON_REF_SPLICE,ACTB^ENSG00000075624.17,chr7:5527268:-,ACTN1^ENSG00000072110.15,chr14:68925618:-,NO_LDAS,0.135,GT,0.9968,AG,1.7465,"[""INTERCHROMOSOMAL[chr7--chr14]""]",.,.,.,.,.,.,.,.,.,.,SRR12453889,A431
