study_accession,study_name,sample_id,sample_accession,original_sample_id,condition,srr_id,fq1,fq2,libType,rsem_strand_info,Sample
PRNJA844527,Bailey_2023,Sample_1,NA,PRNJA844527_WW00184b,NS,SRR19519999,SRR19519999_1.fastq,SRR19519999_2.fastq,ISR,reverse,Sample_1-NS
PRNJA844527,Bailey_2023,Sample_2,NA,PRNJA844527_WW00186b,NS,SRR19519966,SRR19519966_1.fastq,SRR19519966_2.fastq,ISR,reverse,Sample_2-NS
PRNJA844527,Bailey_2023,Sample_3,NA,PRNJA844527_WW00187b,NS,SRR19520052,SRR19520052_1.fastq,SRR19520052_2.fastq,ISR,reverse,Sample_3-NS
PRNJA844527,Bailey_2023,Sample_4,NA,PRNJA844527_WW00188b,NS,SRR19520050,SRR19520050_1.fastq,SRR19520050_2.fastq,ISR,reverse,Sample_4-NS
PRNJA844527,Bailey_2023,Sample_5,NA,PRNJA844527_WW00189a,NS,SRR19520049,SRR19520049_1.fastq,SRR19520049_2.fastq,ISR,reverse,Sample_5-NS
PRNJA844527,Bailey_2023,Sample_6,NA,PRNJA844527_WW00192b,NS,SRR19520045,SRR19520045_1.fastq,SRR19520045_2.fastq,ISR,reverse,Sample_6-NS
PRNJA844527,Bailey_2023,Sample_7,NA,PRNJA844527_WW00193b,NS,SRR19520042,SRR19520042_1.fastq,SRR19520042_2.fastq,ISR,reverse,Sample_7-NS
PRNJA844527,Bailey_2023,Sample_8,NA,PRNJA844527_WW00197b,NS,SRR19520037,SRR19520037_1.fastq,SRR19520037_2.fastq,ISR,reverse,Sample_8-NS
PRNJA844527,Bailey_2023,Sample_9,NA,PRNJA844527_WW00198b,NS,SRR19520035,SRR19520035_1.fastq,SRR19520035_2.fastq,ISR,reverse,Sample_9-NS
PRNJA844527,Bailey_2023,Sample_10,NA,PRNJA844527_WW00203b,NS,SRR19520028,SRR19520028_1.fastq,SRR19520028_2.fastq,ISR,reverse,Sample_10-NS
PRNJA844527,Bailey_2023,Sample_11,NA,PRNJA844527_WW00205b,NS,SRR19520025,SRR19520025_1.fastq,SRR19520025_2.fastq,ISR,reverse,Sample_11-NS
PRNJA844527,Bailey_2023,Sample_12,NA,PRNJA844527_WW00206b,NS,SRR19520023,SRR19520023_1.fastq,SRR19520023_2.fastq,ISR,reverse,Sample_12-NS
PRNJA844527,Bailey_2023,Sample_13,NA,PRNJA844527_WW00207b,NS,SRR19520020,SRR19520020_1.fastq,SRR19520020_2.fastq,ISR,reverse,Sample_13-NS
PRNJA844527,Bailey_2023,Sample_14,NA,PRNJA844527_WW00207d,NS,SRR19520018,SRR19520018_1.fastq,SRR19520018_2.fastq,ISR,reverse,Sample_14-NS
PRNJA844527,Bailey_2023,Sample_15,NA,PRNJA844527_WW00216a,NS,SRR19520008,SRR19520008_1.fastq,SRR19520008_2.fastq,ISR,reverse,Sample_15-NS
PRNJA844527,Bailey_2023,Sample_16,NA,PRNJA844527_WW00219b,NS,SRR19520004,SRR19520004_1.fastq,SRR19520004_2.fastq,ISR,reverse,Sample_16-NS
PRNJA844527,Bailey_2023,Sample_17,NA,PRNJA844527_WW00221a,NS,SRR19520002,SRR19520002_1.fastq,SRR19520002_2.fastq,ISR,reverse,Sample_17-NS
PRNJA844527,Bailey_2023,Sample_18,NA,PRNJA844527_WW00224a,NS,SRR19519996,SRR19519996_1.fastq,SRR19519996_2.fastq,ISR,reverse,Sample_18-NS
PRNJA844527,Bailey_2023,Sample_19,NA,PRNJA844527_WW00225b,NS,SRR19519990,SRR19519990_1.fastq,SRR19519990_2.fastq,ISR,reverse,Sample_19-NS
PRNJA844527,Bailey_2023,Sample_20,NA,PRNJA844527_WW00226b,NS,SRR19519987,SRR19519987_1.fastq,SRR19519987_2.fastq,ISR,reverse,Sample_20-NS
PRNJA844527,Bailey_2023,Sample_21,NA,PRNJA844527_WW00227b,NS,SRR19519985,SRR19519985_1.fastq,SRR19519985_2.fastq,ISR,reverse,Sample_21-NS
PRNJA844527,Bailey_2023,Sample_22,NA,PRNJA844527_WW00228b,NS,SRR19519983,SRR19519983_1.fastq,SRR19519983_2.fastq,ISR,reverse,Sample_22-NS
PRNJA844527,Bailey_2023,Sample_23,NA,PRNJA844527_WW00229b,NS,SRR19519981,SRR19519981_1.fastq,SRR19519981_2.fastq,ISR,reverse,Sample_23-NS
PRNJA844527,Bailey_2023,Sample_24,NA,PRNJA844527_WW00230b,NS,SRR19519979,SRR19519979_1.fastq,SRR19519979_2.fastq,ISR,reverse,Sample_24-NS
PRNJA844527,Bailey_2023,Sample_25,NA,PRNJA844527_WW00367,NS,SRR19520061,SRR19520061_1.fastq,SRR19520061_2.fastq,ISR,reverse,Sample_25-NS
PRNJA844527,Bailey_2023,Sample_26,NA,PRNJA844527_WW00369,NS,SRR19520059,SRR19520059_1.fastq,SRR19520059_2.fastq,ISR,reverse,Sample_26-NS
GSE84293,Chitsazzadeh_2016,Sample_27,GSM2231158,2-NS,NS,SRR3877298,SRR3877298_1.fastq,SRR3877298_2.fastq,ISF,forward,Sample_27-NS
GSE84293,Chitsazzadeh_2016,Sample_28,GSM2231161,3-NS,NS,SRR3877301,SRR3877301_1.fastq,SRR3877301_2.fastq,ISF,forward,Sample_28-NS
GSE84293,Chitsazzadeh_2016,Sample_29,GSM2231164,4-NS,NS,SRR3877304,SRR3877304_1.fastq,SRR3877304_2.fastq,ISF,forward,Sample_29-NS
GSE84293,Chitsazzadeh_2016,Sample_30,GSM2231169,5-NS,NS,SRR3877309,SRR3877309_1.fastq,SRR3877309_2.fastq,ISF,forward,Sample_30-NS
GSE84293,Chitsazzadeh_2016,Sample_31,GSM2231172,6-NS,NS,SRR3877312,SRR3877312_1.fastq,SRR3877312_2.fastq,ISF,forward,Sample_31-NS
GSE84293,Chitsazzadeh_2016,Sample_32,GSM2231175,8-NS,NS,SRR3877315,SRR3877315_1.fastq,SRR3877315_2.fastq,IU,none,Sample_32-NS
GSE84293,Chitsazzadeh_2016,Sample_33,GSM2231178,10-NS,NS,SRR3877318,SRR3877318_1.fastq,SRR3877318_2.fastq,IU,none,Sample_33-NS
GSE111582,Cho_2018,Sample_34,GSM3034577,Non-SCC10,NS,SRR6819038,SRR6819038_1.fastq,SRR6819038_2.fastq,ISR,reverse,Sample_34-NS
GSE111582,Cho_2018,Sample_35,GSM3034578,Non-SCC1,NS,SRR6819039,SRR6819039_1.fastq,SRR6819039_2.fastq,ISR,reverse,Sample_35-NS
GSE111582,Cho_2018,Sample_36,GSM3034579,Non-SCC2,NS,SRR6819040,SRR6819040_1.fastq,SRR6819040_2.fastq,ISR,reverse,Sample_36-NS
GSE111582,Cho_2018,Sample_37,GSM3034580,Non-SCC3,NS,SRR6819041,SRR6819041_1.fastq,SRR6819041_2.fastq,ISR,reverse,Sample_37-NS
GSE111582,Cho_2018,Sample_38,GSM3034581,Non-SCC4,NS,SRR6819042,SRR6819042_1.fastq,SRR6819042_2.fastq,ISR,reverse,Sample_38-NS
GSE111582,Cho_2018,Sample_39,GSM3034582,Non-SCC5,NS,SRR6819043,SRR6819043_1.fastq,SRR6819043_2.fastq,ISR,reverse,Sample_39-NS
GSE111582,Cho_2018,Sample_40,GSM3034583,Non-SCC6,NS,SRR6819044,SRR6819044_1.fastq,SRR6819044_2.fastq,ISR,reverse,Sample_40-NS
GSE111582,Cho_2018,Sample_41,GSM3034584,Non-SCC7,NS,SRR6819045,SRR6819045_1.fastq,SRR6819045_2.fastq,ISR,reverse,Sample_41-NS
GSE111582,Cho_2018,Sample_42,GSM3034585,Non-SCC8,NS,SRR6819046,SRR6819046_1.fastq,SRR6819046_2.fastq,ISR,reverse,Sample_42-NS
GSE111582,Cho_2018,Sample_43,GSM3034586,Non-SCC9,NS,SRR6819047,SRR6819047_1.fastq,SRR6819047_2.fastq,ISR,reverse,Sample_43-NS
E-MTAB-5678,Hoang_2017,Sample_44,ERS1721601,NORM_1,NS,ERR1971058,ERR1971058_1.fastq.gz,ERR1971058_2.fastq.gz,ISR,reverse,Sample_44-NS
E-MTAB-5678,Hoang_2017,Sample_45,ERS1721602,NORM_2,NS,ERR1971059,ERR1971059_1.fastq.gz,ERR1971059_2.fastq.gz,ISR,reverse,Sample_45-NS
E-MTAB-5678,Hoang_2017,Sample_46,ERS1721603,NORM_3,NS,ERR1971060,ERR1971060_1.fastq.gz,ERR1971060_2.fastq.gz,ISR,reverse,Sample_46-NS
E-MTAB-5678,Hoang_2017,Sample_47,ERS1721604,NORM_4,NS,ERR1971061,ERR1971061_1.fastq.gz,ERR1971061_2.fastq.gz,ISR,reverse,Sample_47-NS
SRP126169,Lee_2018,Sample_48,NA,SRP126169_ctrl100,NS,SRR6348467,SRR6348467_1.fastq,SRR6348467_2.fastq,IU,none,Sample_48-NS
SRP126169,Lee_2018,Sample_49,NA,SRP126169_ctrl82,NS,SRR6348469,SRR6348469_1.fastq,SRR6348469_2.fastq,IU,none,Sample_49-NS
SRP126169,Lee_2018,Sample_50,NA,SRP126169_ctrl93,NS,SRR6348466,SRR6348466_1.fastq,SRR6348466_2.fastq,IU,none,Sample_50-NS
PRJNA556128,Li_2020,Sample_51,NA,PRJNA556128_N1,NS,SRR9733629,SRR9733629_1.fastq,SRR9733629_2.fastq,IU,none,Sample_51-NS
PRJNA556128,Li_2020,Sample_52,NA,PRJNA556128_N2,NS,SRR9733626,SRR9733626_1.fastq,SRR9733626_2.fastq,IU,none,Sample_52-NS
PRJNA556128,Li_2020,Sample_53,NA,PRJNA556128_N3,NS,SRR9733624,SRR9733624_1.fastq,SRR9733624_2.fastq,IU,none,Sample_53-NS
PRJNA556128,Li_2020,Sample_54,NA,PRJNA556128_N4,NS,SRR9733623,SRR9733623_1.fastq,SRR9733623_2.fastq,IU,none,Sample_54-NS
PRJNA556128,Li_2020,Sample_55,NA,PRJNA556128_N5,NS,SRR9733631,SRR9733631_1.fastq,SRR9733631_2.fastq,IU,none,Sample_55-NS
PRJNA556128,Li_2020,Sample_56,NA,PRJNA556128_N6,NS,SRR9733621,SRR9733621_1.fastq,SRR9733621_2.fastq,IU,none,Sample_56-NS
PRJNA556128,Li_2020,Sample_57,NA,PRJNA556128_N7,NS,SRR9733618,SRR9733618_1.fastq,SRR9733618_2.fastq,IU,none,Sample_57-NS
PRJNA556128,Li_2020,Sample_58,NA,PRJNA556128_N8,NS,SRR9733616,SRR9733616_1.fastq,SRR9733616_2.fastq,IU,none,Sample_58-NS
GSE139505,Mahapatra_2020,Sample_59,GSM4142607,H1,NS,SRR10357028,SRR10357028_1.fastq,SRR10357028_2.fastq,ISR,reverse,Sample_59-NS
GSE139505,Mahapatra_2020,Sample_60,GSM4142608,H2,NS,SRR10357029,SRR10357029_1.fastq,SRR10357029_2.fastq,ISR,reverse,Sample_60-NS
GSE139505,Mahapatra_2020,Sample_61,GSM4142609,H3,NS,SRR10357030,SRR10357030_1.fastq,SRR10357030_2.fastq,ISR,reverse,Sample_61-NS
GSE139505,Mahapatra_2020,Sample_62,GSM4142610,H4,NS,SRR10357031,SRR10357031_1.fastq,SRR10357031_2.fastq,ISR,reverse,Sample_62-NS
GSE139505,Mahapatra_2020,Sample_63,GSM4142611,H5,NS,SRR10357032,SRR10357032_1.fastq,SRR10357032_2.fastq,ISR,reverse,Sample_63-NS
GSE139505,Mahapatra_2020,Sample_64,GSM4142612,H6,NS,SRR10357033,SRR10357033_1.fastq,SRR10357033_2.fastq,ISR,reverse,Sample_64-NS
GSE139505,Mahapatra_2020,Sample_65,GSM4142613,H7,NS,SRR10357034,SRR10357034_1.fastq,SRR10357034_2.fastq,ISR,reverse,Sample_65-NS
GSE191334,Srivastava_2022,Sample_66,GSM5743952,P16_Normal_Skin,NS,SRR17283438,SRR17283438_1.fastq,SRR17283438_2.fastq,ISR,reverse,Sample_66-NS
GSE191334,Srivastava_2022,Sample_67,GSM5743954,P24_Normal_Skin,NS,SRR17283436,SRR17283436_1.fastq,SRR17283436_2.fastq,ISR,reverse,Sample_67-NS
GSE191334,Srivastava_2022,Sample_68,GSM5743956,P29_Normal_Skin,NS,SRR17283434,SRR17283434_1.fastq,SRR17283434_2.fastq,ISR,reverse,Sample_68-NS
GSE191334,Srivastava_2022,Sample_69,GSM5743958,P32_Normal_Skin,NS,SRR17283432,SRR17283432_1.fastq,SRR17283432_2.fastq,ISR,reverse,Sample_69-NS
GSE191334,Srivastava_2022,Sample_70,GSM5743960,P33_Normal_Skin,NS,SRR17283430,SRR17283430_1.fastq,SRR17283430_2.fastq,ISR,reverse,Sample_70-NS
GSE191334,Srivastava_2022,Sample_71,GSM5743962,P34_Normal_Skin,NS,SRR17283428,SRR17283428_1.fastq,SRR17283428_2.fastq,ISR,reverse,Sample_71-NS
GSE191334,Srivastava_2022,Sample_72,GSM5743964,P44_Normal_Skin,NS,SRR17283426,SRR17283426_1.fastq,SRR17283426_2.fastq,ISR,reverse,Sample_72-NS
GSE191334,Srivastava_2022,Sample_73,GSM5743966,P45_Normal_Skin,NS,SRR17283424,SRR17283424_1.fastq,SRR17283424_2.fastq,ISR,reverse,Sample_73-NS
GSE111354,Vandiver_2021,Sample_74,GSM3029032,NS1,NS,SRR6798690,SRR6798690_1.fastq,SRR6798690_2.fastq,IU,none,Sample_74-NS
GSE111354,Vandiver_2021,Sample_75,GSM3029033,NS20,NS,SRR6798691,SRR6798691_1.fastq,SRR6798691_2.fastq,IU,none,Sample_75-NS
GSE111354,Vandiver_2021,Sample_76,GSM3029034,NSCC03,NS,SRR6798692,SRR6798692_1.fastq,SRR6798692_2.fastq,IU,none,Sample_76-NS
PRNJA844527,Bailey_2023,Sample_112,NA,PRNJA844527_WW00338,AK,SRR19519978,SRR19519978_1.fastq,SRR19519978_2.fastq,ISR,reverse,Sample_112-AK
PRNJA844527,Bailey_2023,Sample_113,NA,PRNJA844527_WW00339,AK,SRR19519976,SRR19519976_1.fastq,SRR19519976_2.fastq,ISR,reverse,Sample_113-AK
PRNJA844527,Bailey_2023,Sample_114,NA,PRNJA844527_WW00340,AK,SRR19519975,SRR19519975_1.fastq,SRR19519975_2.fastq,ISR,reverse,Sample_114-AK
PRNJA844527,Bailey_2023,Sample_115,NA,PRNJA844527_WW00341,AK,SRR19519974,SRR19519974_1.fastq,SRR19519974_2.fastq,ISR,reverse,Sample_115-AK
PRNJA844527,Bailey_2023,Sample_116,NA,PRNJA844527_WW00342,AK,SRR19519973,SRR19519973_1.fastq,SRR19519973_2.fastq,ISR,reverse,Sample_116-AK
PRNJA844527,Bailey_2023,Sample_117,NA,PRNJA844527_WW00343,AK,SRR19519972,SRR19519972_1.fastq,SRR19519972_2.fastq,ISR,reverse,Sample_117-AK
PRNJA844527,Bailey_2023,Sample_118,NA,PRNJA844527_WW00344,AK,SRR19519971,SRR19519971_1.fastq,SRR19519971_2.fastq,ISR,reverse,Sample_118-AK
PRNJA844527,Bailey_2023,Sample_119,NA,PRNJA844527_WW00345,AK,SRR19519970,SRR19519970_1.fastq,SRR19519970_2.fastq,ISR,reverse,Sample_119-AK
PRNJA844527,Bailey_2023,Sample_120,NA,PRNJA844527_WW00346,AK,SRR19519969,SRR19519969_1.fastq,SRR19519969_2.fastq,ISR,reverse,Sample_120-AK
PRNJA844527,Bailey_2023,Sample_121,NA,PRNJA844527_WW00347,AK,SRR19519968,SRR19519968_1.fastq,SRR19519968_2.fastq,ISR,reverse,Sample_121-AK
PRNJA844527,Bailey_2023,Sample_122,NA,PRNJA844527_WW00372,AK,SRR19520056,SRR19520056_1.fastq,SRR19520056_2.fastq,ISR,reverse,Sample_122-AK
PRNJA844527,Bailey_2023,Sample_123,NA,PRNJA844527_WW00374,AK,SRR19520055,SRR19520055_1.fastq,SRR19520055_2.fastq,ISR,reverse,Sample_123-AK
PRNJA844527,Bailey_2023,Sample_124,NA,PRNJA844527_WW00375,AK,SRR19520054,SRR19520054_1.fastq,SRR19520054_2.fastq,ISR,reverse,Sample_124-AK
PRNJA844527,Bailey_2023,Sample_125,NA,PRNJA844527_WW00376,AK,SRR19520053,SRR19520053_1.fastq,SRR19520053_2.fastq,ISR,reverse,Sample_125-AK
GSE84293,Chitsazzadeh_2016,Sample_126,GSM2231157,1-AK,AK,SRR3877297,SRR3877297_1.fastq,SRR3877297_2.fastq,ISF,forward,Sample_126-AK
GSE84293,Chitsazzadeh_2016,Sample_127,GSM2231159,2-AK,AK,SRR3877299,SRR3877299_1.fastq,SRR3877299_2.fastq,ISF,forward,Sample_127-AK
GSE84293,Chitsazzadeh_2016,Sample_128,GSM2231162,3-AK,AK,SRR3877302,SRR3877302_1.fastq,SRR3877302_2.fastq,ISF,forward,Sample_128-AK
GSE84293,Chitsazzadeh_2016,Sample_129,GSM2231165,4-AK,AK,SRR3877305,SRR3877305_1.fastq,SRR3877305_2.fastq,ISF,forward,Sample_129-AK
GSE84293,Chitsazzadeh_2016,Sample_130,GSM2231166,4-AK2,AK,SRR3877306,SRR3877306_1.fastq,SRR3877306_2.fastq,IU,none,Sample_130-AK
GSE84293,Chitsazzadeh_2016,Sample_131,GSM2231170,5-AK,AK,SRR3877310,SRR3877310_1.fastq,SRR3877310_2.fastq,ISF,forward,Sample_131-AK
GSE84293,Chitsazzadeh_2016,Sample_132,GSM2231173,6-AK,AK,SRR3877313,SRR3877313_1.fastq,SRR3877313_2.fastq,ISF,forward,Sample_132-AK
GSE84293,Chitsazzadeh_2016,Sample_133,GSM2231176,8-AK,AK,SRR3877316,SRR3877316_1.fastq,SRR3877316_2.fastq,IU,none,Sample_133-AK
GSE84293,Chitsazzadeh_2016,Sample_134,GSM2231179,10-AK,AK,SRR3877319,SRR3877319_1.fastq,SRR3877319_2.fastq,IU,none,Sample_134-AK
GSE84293,Chitsazzadeh_2016,Sample_135,GSM2231181,12-AK,AK,SRR3877321,SRR3877321_1.fastq,SRR3877321_2.fastq,IU,none,Sample_135-AK
E-MTAB-5678,Hoang_2017,Sample_136,ERS1721581,AK_10,AK,ERR1971038,ERR1971038_1.fastq.gz,ERR1971038_2.fastq.gz,IU,none,Sample_136-AK
E-MTAB-5678,Hoang_2017,Sample_137,ERS1721582,AK_14,AK,ERR1971039,ERR1971039_1.fastq.gz,ERR1971039_2.fastq.gz,IU,none,Sample_137-AK
E-MTAB-5678,Hoang_2017,Sample_138,ERS1721583,AK_15,AK,ERR1971040,ERR1971040_1.fastq.gz,ERR1971040_2.fastq.gz,IU,none,Sample_138-AK
E-MTAB-5678,Hoang_2017,Sample_139,ERS1721584,AK_17,AK,ERR1971041,ERR1971041_1.fastq.gz,ERR1971041_2.fastq.gz,IU,none,Sample_139-AK
E-MTAB-5678,Hoang_2017,Sample_140,ERS1721585,AK_18,AK,ERR1971042,ERR1971042_1.fastq.gz,ERR1971042_2.fastq.gz,IU,none,Sample_140-AK
E-MTAB-5678,Hoang_2017,Sample_141,ERS1721586,AK_2,AK,ERR1971043,ERR1971043_1.fastq.gz,ERR1971043_2.fastq.gz,IU,none,Sample_141-AK
E-MTAB-5678,Hoang_2017,Sample_142,ERS1721587,AK_21,AK,ERR1971044,ERR1971044_1.fastq.gz,ERR1971044_2.fastq.gz,IU,none,Sample_142-AK
E-MTAB-5678,Hoang_2017,Sample_143,ERS1721588,AK_23,AK,ERR1971045,ERR1971045_1.fastq.gz,ERR1971045_2.fastq.gz,IU,none,Sample_143-AK
E-MTAB-5678,Hoang_2017,Sample_144,ERS1721589,AK_24,AK,ERR1971046,ERR1971046_1.fastq.gz,ERR1971046_2.fastq.gz,IU,none,Sample_144-AK
E-MTAB-5678,Hoang_2017,Sample_145,ERS1721590,AK_25,AK,ERR1971047,ERR1971047_1.fastq.gz,ERR1971047_2.fastq.gz,IU,none,Sample_145-AK
E-MTAB-5678,Hoang_2017,Sample_146,ERS1721591,AK_3,AK,ERR1971048,ERR1971048_1.fastq.gz,ERR1971048_2.fastq.gz,IU,none,Sample_146-AK
E-MTAB-5678,Hoang_2017,Sample_147,ERS1721592,AK_4,AK,ERR1971049,ERR1971049_1.fastq.gz,ERR1971049_2.fastq.gz,IU,none,Sample_147-AK
E-MTAB-5678,Hoang_2017,Sample_148,ERS1721593,AK_7,AK,ERR1971050,ERR1971050_1.fastq.gz,ERR1971050_2.fastq.gz,IU,none,Sample_148-AK
E-MTAB-6430,Lukowski_2018,Sample_149,ERS2166504,PAT012_AK,AK,ERR2274894,ERR2274894_1.fastq.gz,ERR2274894_2.fastq.gz,IU,none,Sample_149-AK
GSE191334,Srivastava_2022,Sample_150,TBD,P16_AK,AK,TBD,NWD-16-AK_R1.fastq.gz,NWD-16-AK_R2.fastq.gz,ISR,reverse,Sample_150-AK
GSE191334,Srivastava_2022,Sample_151,TBD,P24_AK,AK,TBD,NWD-24-AK_R1.fastq.gz,NWD-24-AK_R2.fastq.gz,ISR,reverse,Sample_151-AK
GSE191334,Srivastava_2022,Sample_152,TBD,P29_AK,AK,TBD,NWD-29-AK_R1.fastq.gz,NWD-29-AK_R2.fastq.gz,ISR,reverse,Sample_152-AK
GSE191334,Srivastava_2022,Sample_153,TBD,P32_AK,AK,TBD,NWD-32-AK_R1.fastq.gz,NWD-32-AK_R2.fastq.gz,ISR,reverse,Sample_153-AK
GSE191334,Srivastava_2022,Sample_154,TBD,P33_AK,AK,TBD,NWD-33-AK_R1.fastq.gz,NWD-33-AK_R2.fastq.gz,ISR,reverse,Sample_154-AK
GSE191334,Srivastava_2022,Sample_155,TBD,P34_AK,AK,TBD,NWD-34-AK_R1.fastq.gz,NWD-34-AK_R2.fastq.gz,ISR,reverse,Sample_155-AK
GSE191334,Srivastava_2022,Sample_156,TBD,P44_AK,AK,TBD,NWD-44-AK_R1.fastq.gz,NWD-44-AK_R2.fastq.gz,ISR,reverse,Sample_156-AK
GSE191334,Srivastava_2022,Sample_157,TBD,P45_AK,AK,TBD,NWD-45-AK_R1.fastq.gz,NWD-45-AK_R2.fastq.gz,ISR,reverse,Sample_157-AK
E-MTAB-6430,Lukowski_2018,Sample_158,ERS2166488,PAT002_AK_IEC,AK_IEC,ERR2274878,ERR2274878_1.fastq.gz,ERR2274878_2.fastq.gz,IU,none,Sample_158-AK_IEC
E-MTAB-6430,Lukowski_2018,Sample_159,ERS2166489,PAT002_AK_IEC,AK_IEC,ERR2274879,ERR2274879_1.fastq.gz,ERR2274879_2.fastq.gz,IU,none,Sample_159-AK_IEC
E-MTAB-6430,Lukowski_2018,Sample_160,ERS2166493,PAT004_AK_IEC,AK_IEC,ERR2274883,ERR2274883_1.fastq.gz,ERR2274883_2.fastq.gz,IU,none,Sample_160-AK_IEC
E-MTAB-6430,Lukowski_2018,Sample_161,ERS2166494,PAT004_AK_IEC,AK_IEC,ERR2274884,ERR2274884_1.fastq.gz,ERR2274884_2.fastq.gz,IU,none,Sample_161-AK_IEC
E-MTAB-6430,Lukowski_2018,Sample_162,ERS2166495,PAT005_AK_IEC,AK_IEC,ERR2274885,ERR2274885_1.fastq.gz,ERR2274885_2.fastq.gz,IU,none,Sample_162-AK_IEC
E-MTAB-6430,Lukowski_2018,Sample_163,ERS2166496,PAT005_AK_IEC,AK_IEC,ERR2274886,ERR2274886_1.fastq.gz,ERR2274886_2.fastq.gz,IU,none,Sample_163-AK_IEC
E-MTAB-6430,Lukowski_2018,Sample_164,ERS2166497,PAT006_AK_IEC,AK_IEC,ERR2274887,ERR2274887_1.fastq.gz,ERR2274887_2.fastq.gz,IU,none,Sample_164-AK_IEC
E-MTAB-6430,Lukowski_2018,Sample_165,ERS2166501,PAT009_AK_IEC,AK_IEC,ERR2274891,ERR2274891_1.fastq.gz,ERR2274891_2.fastq.gz,IU,none,Sample_165-AK_IEC
E-MTAB-6430,Lukowski_2018,Sample_166,ERS2166505,PAT013_AK_IEC_SCC,AK_IEC_SCC,ERR2274895,ERR2274895_1.fastq.gz,ERR2274895_2.fastq.gz,IU,none,Sample_166-AK_IEC_SCC
E-MTAB-6430,Lukowski_2018,Sample_167,ERS2166506,PAT013_AK_IEC_SCC,AK_IEC_SCC,ERR2274896,ERR2274896_1.fastq.gz,ERR2274896_2.fastq.gz,IU,none,Sample_167-AK_IEC_SCC
E-MTAB-6430,Lukowski_2018,Sample_168,ERS2166509,PAT015_AK_IEC_SCC,AK_IEC_SCC,ERR2274899,ERR2274899_1.fastq.gz,ERR2274899_2.fastq.gz,IU,none,Sample_168-AK_IEC_SCC
E-MTAB-5678,Hoang_2017,Sample_169,ERS1721594,IEC_19,IEC,ERR1971051,ERR1971051_1.fastq.gz,ERR1971051_2.fastq.gz,IU,none,Sample_169-IEC
E-MTAB-5678,Hoang_2017,Sample_170,ERS1721595,IEC_20,IEC,ERR1971052,ERR1971052_1.fastq.gz,ERR1971052_2.fastq.gz,IU,none,Sample_170-IEC
E-MTAB-5678,Hoang_2017,Sample_171,ERS1721596,IEC_22,IEC,ERR1971053,ERR1971053_1.fastq.gz,ERR1971053_2.fastq.gz,IU,none,Sample_171-IEC
E-MTAB-5678,Hoang_2017,Sample_172,ERS1721597,IEC_5,IEC,ERR1971054,ERR1971054_1.fastq.gz,ERR1971054_2.fastq.gz,IU,none,Sample_172-IEC
E-MTAB-5678,Hoang_2017,Sample_173,ERS1721598,IEC_6,IEC,ERR1971055,ERR1971055_1.fastq.gz,ERR1971055_2.fastq.gz,IU,none,Sample_173-IEC
E-MTAB-5678,Hoang_2017,Sample_174,ERS1721599,IEC_8,IEC,ERR1971056,ERR1971056_1.fastq.gz,ERR1971056_2.fastq.gz,IU,none,Sample_174-IEC
E-MTAB-5678,Hoang_2017,Sample_175,ERS1721600,IEC_9,IEC,ERR1971057,ERR1971057_1.fastq.gz,ERR1971057_2.fastq.gz,IU,none,Sample_175-IEC
E-MTAB-6430,Lukowski_2018,Sample_176,ERS2166487,PAT001_IEC,IEC,ERR2274877,ERR2274877_1.fastq.gz,ERR2274877_2.fastq.gz,IU,none,Sample_176-IEC
E-MTAB-6430,Lukowski_2018,Sample_177,ERS2166491,PAT004_IEC,IEC,ERR2274881,ERR2274881_1.fastq.gz,ERR2274881_2.fastq.gz,IU,none,Sample_177-IEC
E-MTAB-6430,Lukowski_2018,Sample_178,ERS2166492,PAT004_IEC,IEC,ERR2274882,ERR2274882_1.fastq.gz,ERR2274882_2.fastq.gz,IU,none,Sample_178-IEC
E-MTAB-6430,Lukowski_2018,Sample_179,ERS2166499,PAT008_IEC,IEC,ERR2274889,ERR2274889_1.fastq.gz,ERR2274889_2.fastq.gz,IU,none,Sample_179-IEC
E-MTAB-6430,Lukowski_2018,Sample_180,ERS2166500,PAT008_IEC,IEC,ERR2274890,ERR2274890_1.fastq.gz,ERR2274890_2.fastq.gz,IU,none,Sample_180-IEC
E-MTAB-6430,Lukowski_2018,Sample_181,ERS2166502,PAT010_IEC,IEC,ERR2274892,ERR2274892_1.fastq.gz,ERR2274892_2.fastq.gz,IU,none,Sample_181-IEC
E-MTAB-6430,Lukowski_2018,Sample_182,ERS2166507,PAT014_IEC,IEC,ERR2274897,ERR2274897_1.fastq.gz,ERR2274897_2.fastq.gz,IU,none,Sample_182-IEC
E-MTAB-6430,Lukowski_2018,Sample_183,ERS2166508,PAT014_IEC,IEC,ERR2274898,ERR2274898_1.fastq.gz,ERR2274898_2.fastq.gz,IU,none,Sample_183-IEC
E-MTAB-6430,Lukowski_2018,Sample_184,ERS2166511,PAT017_IEC,IEC,ERR2274901,ERR2274901_1.fastq.gz,ERR2274901_2.fastq.gz,IU,none,Sample_184-IEC
PRNJA844527,Bailey_2023,Sample_185,NA,PRNJA844527_WW00205a,KA,SRR19520026,SRR19520026_1.fastq,SRR19520026_2.fastq,ISR,reverse,Sample_185-KA
PRNJA844527,Bailey_2023,Sample_186,NA,PRNJA844527_WW00207a,KA,SRR19520022,SRR19520022_1.fastq,SRR19520022_2.fastq,ISR,reverse,Sample_186-KA
PRNJA844527,Bailey_2023,Sample_187,NA,PRNJA844527_WW00207c,KA,SRR19520019,SRR19520019_1.fastq,SRR19520019_2.fastq,ISR,reverse,Sample_187-KA
GSE235556,Veenstra_2023,Sample_188,GSM7505171,KA-1,KA,SRR24991599,SRR24991599_1.fastq,SRR24991599_2.fastq,ISR,reverse,Sample_188-KA
GSE235556,Veenstra_2023,Sample_189,GSM7505172,KA-2,KA,SRR24991598,SRR24991598_1.fastq,SRR24991598_2.fastq,ISR,reverse,Sample_189-KA
GSE235556,Veenstra_2023,Sample_190,GSM7505173,KA-3,KA,SRR24991597,SRR24991597_1.fastq,SRR24991597_2.fastq,ISR,reverse,Sample_190-KA
GSE235556,Veenstra_2023,Sample_191,GSM7505174,KA-4,KA,SRR24991596,SRR24991596_1.fastq,SRR24991596_2.fastq,ISR,reverse,Sample_191-KA
GSE235556,Veenstra_2023,Sample_192,GSM7505175,KA-5,KA,SRR24991595,SRR24991595_1.fastq,SRR24991595_2.fastq,ISR,reverse,Sample_192-KA
GSE235556,Veenstra_2023,Sample_193,GSM7505176,KA-7,KA,SRR24991594,SRR24991594_1.fastq,SRR24991594_2.fastq,ISR,reverse,Sample_193-KA
GSE235556,Veenstra_2023,Sample_194,GSM7505177,KA-9,KA,SRR24991593,SRR24991593_1.fastq,SRR24991593_2.fastq,ISR,reverse,Sample_194-KA
GSE235556,Veenstra_2023,Sample_195,GSM7505178,KA-10,KA,SRR24991592,SRR24991592_1.fastq,SRR24991592_2.fastq,ISR,reverse,Sample_195-KA
GSE235556,Veenstra_2023,Sample_196,GSM7505179,KA-14,KA,SRR24991591,SRR24991591_1.fastq,SRR24991591_2.fastq,ISR,reverse,Sample_196-KA
GSE235556,Veenstra_2023,Sample_197,GSM7505180,KA-15,KA,SRR24991590,SRR24991590_1.fastq,SRR24991590_2.fastq,ISR,reverse,Sample_197-KA
PRNJA844527,Bailey_2023,Sample_198,NA,PRNJA844527_WW00179a,SCC,SRR19520065,SRR19520065_1.fastq,SRR19520065_2.fastq,ISR,reverse,Sample_198-SCC
PRNJA844527,Bailey_2023,Sample_199,NA,PRNJA844527_WW00180a,SCC,SRR19520064,SRR19520064_1.fastq,SRR19520064_2.fastq,ISR,reverse,Sample_199-SCC
PRNJA844527,Bailey_2023,Sample_200,NA,PRNJA844527_WW00181a,SCC,SRR19520043,SRR19520043_1.fastq,SRR19520043_2.fastq,ISR,reverse,Sample_200-SCC
PRNJA844527,Bailey_2023,Sample_201,NA,PRNJA844527_WW00182a,SCC,SRR19520032,SRR19520032_1.fastq,SRR19520032_2.fastq,ISR,reverse,Sample_201-SCC
PRNJA844527,Bailey_2023,Sample_202,NA,PRNJA844527_WW00183a,SCC,SRR19520021,SRR19520021_1.fastq,SRR19520021_2.fastq,ISR,reverse,Sample_202-SCC
PRNJA844527,Bailey_2023,Sample_203,NA,PRNJA844527_WW00184a,SCC,SRR19520010,SRR19520010_1.fastq,SRR19520010_2.fastq,ISR,reverse,Sample_203-SCC
PRNJA844527,Bailey_2023,Sample_204,NA,PRNJA844527_WW00185a,SCC,SRR19519988,SRR19519988_1.fastq,SRR19519988_2.fastq,ISR,reverse,Sample_204-SCC
PRNJA844527,Bailey_2023,Sample_205,NA,PRNJA844527_WW00186a,SCC,SRR19519977,SRR19519977_1.fastq,SRR19519977_2.fastq,ISR,reverse,Sample_205-SCC
PRNJA844527,Bailey_2023,Sample_206,NA,PRNJA844527_WW00187a,SCC,SRR19520063,SRR19520063_1.fastq,SRR19520063_2.fastq,ISR,reverse,Sample_206-SCC
PRNJA844527,Bailey_2023,Sample_207,NA,PRNJA844527_WW00188a,SCC,SRR19520051,SRR19520051_1.fastq,SRR19520051_2.fastq,ISR,reverse,Sample_207-SCC
PRNJA844527,Bailey_2023,Sample_208,NA,PRNJA844527_WW00190a,SCC,SRR19520048,SRR19520048_1.fastq,SRR19520048_2.fastq,ISR,reverse,Sample_208-SCC
PRNJA844527,Bailey_2023,Sample_209,NA,PRNJA844527_WW00191a,SCC,SRR19520047,SRR19520047_1.fastq,SRR19520047_2.fastq,ISR,reverse,Sample_209-SCC
PRNJA844527,Bailey_2023,Sample_210,NA,PRNJA844527_WW00192a,SCC,SRR19520046,SRR19520046_1.fastq,SRR19520046_2.fastq,ISR,reverse,Sample_210-SCC
PRNJA844527,Bailey_2023,Sample_211,NA,PRNJA844527_WW00193a,SCC,SRR19520044,SRR19520044_1.fastq,SRR19520044_2.fastq,ISR,reverse,Sample_211-SCC
PRNJA844527,Bailey_2023,Sample_212,NA,PRNJA844527_WW00194a,SCC,SRR19520041,SRR19520041_1.fastq,SRR19520041_2.fastq,ISR,reverse,Sample_212-SCC
PRNJA844527,Bailey_2023,Sample_213,NA,PRNJA844527_WW00195a,SCC,SRR19520040,SRR19520040_1.fastq,SRR19520040_2.fastq,ISR,reverse,Sample_213-SCC
PRNJA844527,Bailey_2023,Sample_214,NA,PRNJA844527_WW00196a,SCC,SRR19520039,SRR19520039_1.fastq,SRR19520039_2.fastq,ISR,reverse,Sample_214-SCC
PRNJA844527,Bailey_2023,Sample_215,NA,PRNJA844527_WW00197a,SCC,SRR19520038,SRR19520038_1.fastq,SRR19520038_2.fastq,ISR,reverse,Sample_215-SCC
PRNJA844527,Bailey_2023,Sample_216,NA,PRNJA844527_WW00198a,SCC,SRR19520036,SRR19520036_1.fastq,SRR19520036_2.fastq,ISR,reverse,Sample_216-SCC
PRNJA844527,Bailey_2023,Sample_217,NA,PRNJA844527_WW00199a,SCC,SRR19520034,SRR19520034_1.fastq,SRR19520034_2.fastq,ISR,reverse,Sample_217-SCC
PRNJA844527,Bailey_2023,Sample_218,NA,PRNJA844527_WW00200a,SCC,SRR19520033,SRR19520033_1.fastq,SRR19520033_2.fastq,ISR,reverse,Sample_218-SCC
PRNJA844527,Bailey_2023,Sample_219,NA,PRNJA844527_WW00201a,SCC,SRR19520031,SRR19520031_1.fastq,SRR19520031_2.fastq,ISR,reverse,Sample_219-SCC
PRNJA844527,Bailey_2023,Sample_220,NA,PRNJA844527_WW00202a,SCC,SRR19520030,SRR19520030_1.fastq,SRR19520030_2.fastq,ISR,reverse,Sample_220-SCC
PRNJA844527,Bailey_2023,Sample_221,NA,PRNJA844527_WW00203a,SCC,SRR19520029,SRR19520029_1.fastq,SRR19520029_2.fastq,ISR,reverse,Sample_221-SCC
PRNJA844527,Bailey_2023,Sample_222,NA,PRNJA844527_WW00204a,SCC,SRR19520027,SRR19520027_1.fastq,SRR19520027_2.fastq,ISR,reverse,Sample_222-SCC
PRNJA844527,Bailey_2023,Sample_223,NA,PRNJA844527_WW00206a,SCC,SRR19520024,SRR19520024_1.fastq,SRR19520024_2.fastq,ISR,reverse,Sample_223-SCC
PRNJA844527,Bailey_2023,Sample_224,NA,PRNJA844527_WW00208a,SCC,SRR19520017,SRR19520017_1.fastq,SRR19520017_2.fastq,ISR,reverse,Sample_224-SCC
PRNJA844527,Bailey_2023,Sample_225,NA,PRNJA844527_WW00209a,SCC,SRR19520016,SRR19520016_1.fastq,SRR19520016_2.fastq,ISR,reverse,Sample_225-SCC
PRNJA844527,Bailey_2023,Sample_226,NA,PRNJA844527_WW00210a,SCC,SRR19520015,SRR19520015_1.fastq,SRR19520015_2.fastq,ISR,reverse,Sample_226-SCC
PRNJA844527,Bailey_2023,Sample_227,NA,PRNJA844527_WW00211a,SCC,SRR19520014,SRR19520014_1.fastq,SRR19520014_2.fastq,ISR,reverse,Sample_227-SCC
PRNJA844527,Bailey_2023,Sample_228,NA,PRNJA844527_WW00212a,SCC,SRR19520013,SRR19520013_1.fastq,SRR19520013_2.fastq,ISR,reverse,Sample_228-SCC
PRNJA844527,Bailey_2023,Sample_229,NA,PRNJA844527_WW00213a,SCC,SRR19520012,SRR19520012_1.fastq,SRR19520012_2.fastq,ISR,reverse,Sample_229-SCC
PRNJA844527,Bailey_2023,Sample_230,NA,PRNJA844527_WW00214a,SCC,SRR19520011,SRR19520011_1.fastq,SRR19520011_2.fastq,ISR,reverse,Sample_230-SCC
PRNJA844527,Bailey_2023,Sample_231,NA,PRNJA844527_WW00215a,SCC,SRR19520009,SRR19520009_1.fastq,SRR19520009_2.fastq,ISR,reverse,Sample_231-SCC
PRNJA844527,Bailey_2023,Sample_232,NA,PRNJA844527_WW00217a,SCC,SRR19520007,SRR19520007_1.fastq,SRR19520007_2.fastq,ISR,reverse,Sample_232-SCC
PRNJA844527,Bailey_2023,Sample_233,NA,PRNJA844527_WW00218a,SCC,SRR19520006,SRR19520006_1.fastq,SRR19520006_2.fastq,ISR,reverse,Sample_233-SCC
PRNJA844527,Bailey_2023,Sample_234,NA,PRNJA844527_WW00219a,SCC,SRR19520005,SRR19520005_1.fastq,SRR19520005_2.fastq,ISR,reverse,Sample_234-SCC
PRNJA844527,Bailey_2023,Sample_235,NA,PRNJA844527_WW00220a,SCC,SRR19520003,SRR19520003_1.fastq,SRR19520003_2.fastq,ISR,reverse,Sample_235-SCC
PRNJA844527,Bailey_2023,Sample_236,NA,PRNJA844527_WW00221b,SCC,SRR19520001,SRR19520001_1.fastq,SRR19520001_2.fastq,ISR,reverse,Sample_236-SCC
PRNJA844527,Bailey_2023,Sample_237,NA,PRNJA844527_WW00221c,SCC,SRR19520000,SRR19520000_1.fastq,SRR19520000_2.fastq,ISR,reverse,Sample_237-SCC
PRNJA844527,Bailey_2023,Sample_238,NA,PRNJA844527_WW00222a,SCC,SRR19519998,SRR19519998_1.fastq,SRR19519998_2.fastq,ISR,reverse,Sample_238-SCC
PRNJA844527,Bailey_2023,Sample_239,NA,PRNJA844527_WW00223a,SCC,SRR19519997,SRR19519997_1.fastq,SRR19519997_2.fastq,ISR,reverse,Sample_239-SCC
PRNJA844527,Bailey_2023,Sample_240,NA,PRNJA844527_WW00224b,SCC,SRR19519995,SRR19519995_1.fastq,SRR19519995_2.fastq,ISR,reverse,Sample_240-SCC
PRNJA844527,Bailey_2023,Sample_241,NA,PRNJA844527_WW00224c,SCC,SRR19519994,SRR19519994_1.fastq,SRR19519994_2.fastq,ISR,reverse,Sample_241-SCC
PRNJA844527,Bailey_2023,Sample_242,NA,PRNJA844527_WW00224d,SCC,SRR19519993,SRR19519993_1.fastq,SRR19519993_2.fastq,ISR,reverse,Sample_242-SCC
PRNJA844527,Bailey_2023,Sample_243,NA,PRNJA844527_WW00224e,SCC,SRR19519992,SRR19519992_1.fastq,SRR19519992_2.fastq,ISR,reverse,Sample_243-SCC
PRNJA844527,Bailey_2023,Sample_244,NA,PRNJA844527_WW00225a,SCC,SRR19519991,SRR19519991_1.fastq,SRR19519991_2.fastq,ISR,reverse,Sample_244-SCC
PRNJA844527,Bailey_2023,Sample_245,NA,PRNJA844527_WW00226a,SCC,SRR19519989,SRR19519989_1.fastq,SRR19519989_2.fastq,ISR,reverse,Sample_245-SCC
PRNJA844527,Bailey_2023,Sample_246,NA,PRNJA844527_WW00227a,SCC,SRR19519986,SRR19519986_1.fastq,SRR19519986_2.fastq,ISR,reverse,Sample_246-SCC
PRNJA844527,Bailey_2023,Sample_247,NA,PRNJA844527_WW00228a,SCC,SRR19519984,SRR19519984_1.fastq,SRR19519984_2.fastq,ISR,reverse,Sample_247-SCC
PRNJA844527,Bailey_2023,Sample_248,NA,PRNJA844527_WW00229a,SCC,SRR19519982,SRR19519982_1.fastq,SRR19519982_2.fastq,ISR,reverse,Sample_248-SCC
PRNJA844527,Bailey_2023,Sample_249,NA,PRNJA844527_WW00230a,SCC,SRR19519980,SRR19519980_1.fastq,SRR19519980_2.fastq,ISR,reverse,Sample_249-SCC
PRNJA844527,Bailey_2023,Sample_250,NA,PRNJA844527_WW00348,SCC,SRR19519967,SRR19519967_1.fastq,SRR19519967_2.fastq,ISR,reverse,Sample_250-SCC
PRNJA844527,Bailey_2023,Sample_251,NA,PRNJA844527_WW00349,SCC,SRR19519965,SRR19519965_1.fastq,SRR19519965_2.fastq,ISR,reverse,Sample_251-SCC
PRNJA844527,Bailey_2023,Sample_252,NA,PRNJA844527_WW00350,SCC,SRR19519964,SRR19519964_1.fastq,SRR19519964_2.fastq,ISR,reverse,Sample_252-SCC
PRNJA844527,Bailey_2023,Sample_253,NA,PRNJA844527_WW00351,SCC,SRR19519963,SRR19519963_1.fastq,SRR19519963_2.fastq,ISR,reverse,Sample_253-SCC
PRNJA844527,Bailey_2023,Sample_254,NA,PRNJA844527_WW00352,SCC,SRR19519962,SRR19519962_1.fastq,SRR19519962_2.fastq,ISR,reverse,Sample_254-SCC
PRNJA844527,Bailey_2023,Sample_255,NA,PRNJA844527_WW00353,SCC,SRR19519961,SRR19519961_1.fastq,SRR19519961_2.fastq,ISR,reverse,Sample_255-SCC
PRNJA844527,Bailey_2023,Sample_256,NA,PRNJA844527_WW00354,SCC,SRR19519960,SRR19519960_1.fastq,SRR19519960_2.fastq,ISR,reverse,Sample_256-SCC
PRNJA844527,Bailey_2023,Sample_257,NA,PRNJA844527_WW00355,SCC,SRR19519959,SRR19519959_1.fastq,SRR19519959_2.fastq,ISR,reverse,Sample_257-SCC
PRNJA844527,Bailey_2023,Sample_258,NA,PRNJA844527_WW00356,SCC,SRR19519958,SRR19519958_1.fastq,SRR19519958_2.fastq,ISR,reverse,Sample_258-SCC
PRNJA844527,Bailey_2023,Sample_259,NA,PRNJA844527_WW00357,SCC,SRR19519957,SRR19519957_1.fastq,SRR19519957_2.fastq,ISR,reverse,Sample_259-SCC
PRNJA844527,Bailey_2023,Sample_260,NA,PRNJA844527_WW00358,SCC,SRR19519956,SRR19519956_1.fastq,SRR19519956_2.fastq,ISR,reverse,Sample_260-SCC
PRNJA844527,Bailey_2023,Sample_261,NA,PRNJA844527_WW00366,SCC,SRR19520062,SRR19520062_1.fastq,SRR19520062_2.fastq,ISR,reverse,Sample_261-SCC
PRNJA844527,Bailey_2023,Sample_262,NA,PRNJA844527_WW00368,SCC,SRR19520060,SRR19520060_1.fastq,SRR19520060_2.fastq,ISR,reverse,Sample_262-SCC
PRNJA844527,Bailey_2023,Sample_263,NA,PRNJA844527_WW00370,SCC,SRR19520058,SRR19520058_1.fastq,SRR19520058_2.fastq,ISR,reverse,Sample_263-SCC
PRNJA844527,Bailey_2023,Sample_264,NA,PRNJA844527_WW00371,SCC,SRR19520057,SRR19520057_1.fastq,SRR19520057_2.fastq,ISR,reverse,Sample_264-SCC
GSE84293,Chitsazzadeh_2016,Sample_265,GSM2231160,2-SCC,SCC,SRR3877300,SRR3877300_1.fastq,SRR3877300_2.fastq,ISF,forward,Sample_265-SCC
GSE84293,Chitsazzadeh_2016,Sample_266,GSM2231163,3-SCC,SCC,SRR3877303,SRR3877303_1.fastq,SRR3877303_2.fastq,ISF,forward,Sample_266-SCC
GSE84293,Chitsazzadeh_2016,Sample_267,GSM2231167,4-SCC,SCC,SRR3877307,SRR3877307_1.fastq,SRR3877307_2.fastq,ISF,forward,Sample_267-SCC
GSE84293,Chitsazzadeh_2016,Sample_268,GSM2231168,4-SCC2,SCC,SRR3877308,SRR3877308_1.fastq,SRR3877308_2.fastq,IU,none,Sample_268-SCC
GSE84293,Chitsazzadeh_2016,Sample_269,GSM2231171,5-SCC,SCC,SRR3877311,SRR3877311_1.fastq,SRR3877311_2.fastq,ISF,forward,Sample_269-SCC
GSE84293,Chitsazzadeh_2016,Sample_270,GSM2231174,6-SCC,SCC,SRR3877314,SRR3877314_1.fastq,SRR3877314_2.fastq,ISF,forward,Sample_270-SCC
GSE84293,Chitsazzadeh_2016,Sample_271,GSM2231177,8-SCC,SCC,SRR3877317,SRR3877317_1.fastq,SRR3877317_2.fastq,IU,none,Sample_271-SCC
GSE84293,Chitsazzadeh_2016,Sample_272,GSM2231180,10-SCC,SCC,SRR3877320,SRR3877320_1.fastq,SRR3877320_2.fastq,IU,none,Sample_272-SCC
GSE84293,Chitsazzadeh_2016,Sample_273,GSM2231182,12-SCC,SCC,SRR3877322,SRR3877322_1.fastq,SRR3877322_2.fastq,IU,none,Sample_273-SCC
GSE111582,Cho_2018,Sample_274,GSM3034569,SCCRDEB_18,SCC,SRR6819030,SRR6819030_1.fastq,SRR6819030_2.fastq,ISR,reverse,Sample_274-SCC
GSE111582,Cho_2018,Sample_275,GSM3034570,SCCRDEB_19,SCC,SRR6819031,SRR6819031_1.fastq,SRR6819031_2.fastq,ISR,reverse,Sample_275-SCC
GSE111582,Cho_2018,Sample_276,GSM3034571,SCCRDEB_12,SCC,SRR6819032,SRR6819032_1.fastq,SRR6819032_2.fastq,ISR,reverse,Sample_276-SCC
GSE111582,Cho_2018,Sample_277,GSM3034573,SCCRDEB_15,SCC,SRR6819034,SRR6819034_1.fastq,SRR6819034_2.fastq,ISR,reverse,Sample_277-SCC
GSE111582,Cho_2018,Sample_278,GSM3034574,SCCRDEB_17,SCC,SRR6819035,SRR6819035_1.fastq,SRR6819035_2.fastq,ISR,reverse,Sample_278-SCC
GSE111582,Cho_2018,Sample_279,GSM3034575,SCCRDEB_20,SCC,SRR6819036,SRR6819036_1.fastq,SRR6819036_2.fastq,ISR,reverse,Sample_279-SCC
GSE111582,Cho_2018,Sample_280,GSM3034576,SCCRDEB_25,SCC,SRR6819037,SRR6819037_1.fastq,SRR6819037_2.fastq,ISR,reverse,Sample_280-SCC
GSE111582,Cho_2018,Sample_281,GSM3034587,SCCRDEB_06,SCC,SRR6819048,SRR6819048_1.fastq,SRR6819048_2.fastq,ISR,reverse,Sample_281-SCC
E-MTAB-5678,Hoang_2017,Sample_282,ERS1721605,SCC_1,SCC,ERR1971062,ERR1971062_1.fastq.gz,ERR1971062_2.fastq.gz,IU,none,Sample_282-SCC
E-MTAB-5678,Hoang_2017,Sample_283,ERS1721606,SCC_11,SCC,ERR1971063,ERR1971063_1.fastq.gz,ERR1971063_2.fastq.gz,IU,none,Sample_283-SCC
E-MTAB-5678,Hoang_2017,Sample_284,ERS1721607,SCC_12,SCC,ERR1971064,ERR1971064_1.fastq.gz,ERR1971064_2.fastq.gz,IU,none,Sample_284-SCC
E-MTAB-5678,Hoang_2017,Sample_285,ERS1721608,SCC_13,SCC,ERR1971065,ERR1971065_1.fastq.gz,ERR1971065_2.fastq.gz,IU,none,Sample_285-SCC
E-MTAB-5678,Hoang_2017,Sample_286,ERS1721609,SCC_16,SCC,ERR1971066,ERR1971066_1.fastq.gz,ERR1971066_2.fastq.gz,IU,none,Sample_286-SCC
SRP126169,Lee_2018,Sample_287,NA,SRP126169_scc100,SCC,SRR6348468,SRR6348468_1.fastq,SRR6348468_2.fastq,IU,none,Sample_287-SCC
SRP126169,Lee_2018,Sample_288,NA,SRP126169_scc82,SCC,SRR6348464,SRR6348464_1.fastq,SRR6348464_2.fastq,IU,none,Sample_288-SCC
SRP126169,Lee_2018,Sample_289,NA,SRP126169_scc93,SCC,SRR6348465,SRR6348465_1.fastq,SRR6348465_2.fastq,IU,none,Sample_289-SCC
PRJNA556128,Li_2020,Sample_290,NA,PRJNA556128_T1,SCC,SRR9733628,SRR9733628_1.fastq,SRR9733628_2.fastq,IU,none,Sample_290-SCC
PRJNA556128,Li_2020,Sample_291,NA,PRJNA556128_T2,SCC,SRR9733625,SRR9733625_1.fastq,SRR9733625_2.fastq,IU,none,Sample_291-SCC
PRJNA556128,Li_2020,Sample_292,NA,PRJNA556128_T3,SCC,SRR9733627,SRR9733627_1.fastq,SRR9733627_2.fastq,IU,none,Sample_292-SCC
PRJNA556128,Li_2020,Sample_293,NA,PRJNA556128_T4,SCC,SRR9733622,SRR9733622_1.fastq,SRR9733622_2.fastq,IU,none,Sample_293-SCC
PRJNA556128,Li_2020,Sample_294,NA,PRJNA556128_T5,SCC,SRR9733630,SRR9733630_1.fastq,SRR9733630_2.fastq,IU,none,Sample_294-SCC
PRJNA556128,Li_2020,Sample_295,NA,PRJNA556128_T6,SCC,SRR9733620,SRR9733620_1.fastq,SRR9733620_2.fastq,IU,none,Sample_295-SCC
PRJNA556128,Li_2020,Sample_296,NA,PRJNA556128_T7,SCC,SRR9733617,SRR9733617_1.fastq,SRR9733617_2.fastq,IU,none,Sample_296-SCC
PRJNA556128,Li_2020,Sample_297,NA,PRJNA556128_T8,SCC,SRR9733619,SRR9733619_1.fastq,SRR9733619_2.fastq,IU,none,Sample_297-SCC
E-MTAB-6430,Lukowski_2018,Sample_298,ERS2166498,PAT007_SCC,SCC,ERR2274888,ERR2274888_1.fastq.gz,ERR2274888_2.fastq.gz,IU,none,Sample_298-SCC
E-MTAB-6430,Lukowski_2018,Sample_299,ERS2166503,PAT011_SCC,SCC,ERR2274893,ERR2274893_1.fastq.gz,ERR2274893_2.fastq.gz,IU,none,Sample_299-SCC
E-MTAB-6430,Lukowski_2018,Sample_300,ERS2166510,PAT016_SCC,SCC,ERR2274900,ERR2274900_1.fastq.gz,ERR2274900_2.fastq.gz,IU,none,Sample_300-SCC
GSE139505,Mahapatra_2020,Sample_301,GSM4142614,cSCC1,SCC,SRR10357035,SRR10357035_1.fastq,SRR10357035_2.fastq,ISR,reverse,Sample_301-SCC
GSE139505,Mahapatra_2020,Sample_302,GSM4142615,cSCC2,SCC,SRR10357036,SRR10357036_1.fastq,SRR10357036_2.fastq,ISR,reverse,Sample_302-SCC
GSE139505,Mahapatra_2020,Sample_303,GSM4142616,cSCC3,SCC,SRR10357037,SRR10357037_1.fastq,SRR10357037_2.fastq,ISR,reverse,Sample_303-SCC
GSE139505,Mahapatra_2020,Sample_304,GSM4142617,cSCC4,SCC,SRR10357038,SRR10357038_1.fastq,SRR10357038_2.fastq,ISR,reverse,Sample_304-SCC
GSE139505,Mahapatra_2020,Sample_305,GSM4142618,cSCC5,SCC,SRR10357039,SRR10357039_1.fastq,SRR10357039_2.fastq,ISR,reverse,Sample_305-SCC
GSE139505,Mahapatra_2020,Sample_306,GSM4142619,cSCC6,SCC,SRR10357040,SRR10357040_1.fastq,SRR10357040_2.fastq,ISR,reverse,Sample_306-SCC
GSE139505,Mahapatra_2020,Sample_307,GSM4142620,cSCC7,SCC,SRR10357041,SRR10357041_1.fastq,SRR10357041_2.fastq,ISR,reverse,Sample_307-SCC
GSE139505,Mahapatra_2020,Sample_308,GSM4142621,cSCC8,SCC,SRR10357042,SRR10357042_1.fastq,SRR10357042_2.fastq,ISR,reverse,Sample_308-SCC
GSE139505,Mahapatra_2020,Sample_309,GSM4142622,cSCC9,SCC,SRR10357043,SRR10357043_1.fastq,SRR10357043_2.fastq,ISR,reverse,Sample_309-SCC
GSE191334,Srivastava_2022,Sample_310,GSM5743953,P16_SCC,SCC,SRR17283437,SRR17283437_1.fastq,SRR17283437_2.fastq,ISR,reverse,Sample_310-SCC
GSE191334,Srivastava_2022,Sample_311,GSM5743955,P24_SCC,SCC,SRR17283435,SRR17283435_1.fastq,SRR17283435_2.fastq,ISR,reverse,Sample_311-SCC
GSE191334,Srivastava_2022,Sample_312,GSM5743957,P29_SCC,SCC,SRR17283433,SRR17283433_1.fastq,SRR17283433_2.fastq,ISR,reverse,Sample_312-SCC
GSE191334,Srivastava_2022,Sample_313,GSM5743959,P32_SCC,SCC,SRR17283431,SRR17283431_1.fastq,SRR17283431_2.fastq,ISR,reverse,Sample_313-SCC
GSE191334,Srivastava_2022,Sample_314,GSM5743961,P33_SCC,SCC,SRR17283429,SRR17283429_1.fastq,SRR17283429_2.fastq,ISR,reverse,Sample_314-SCC
GSE191334,Srivastava_2022,Sample_315,GSM5743963,P34_SCC,SCC,SRR17283427,SRR17283427_1.fastq,SRR17283427_2.fastq,ISR,reverse,Sample_315-SCC
GSE191334,Srivastava_2022,Sample_316,GSM5743965,P44_SCC,SCC,SRR17283425,SRR17283425_1.fastq,SRR17283425_2.fastq,ISR,reverse,Sample_316-SCC
GSE191334,Srivastava_2022,Sample_317,GSM5743967,P45_SCC,SCC,SRR17283423,SRR17283423_1.fastq,SRR17283423_2.fastq,ISR,reverse,Sample_317-SCC
GSE111354,Vandiver_2021,Sample_318,GSM3029035,TS5,SCC,SRR6798693,SRR6798693_1.fastq,SRR6798693_2.fastq,IU,none,Sample_318-SCC
GSE111354,Vandiver_2021,Sample_319,GSM3029036,S1A,SCC,SRR6798694,SRR6798694_1.fastq,SRR6798694_2.fastq,IU,none,Sample_319-SCC
GSE111354,Vandiver_2021,Sample_320,GSM3029037,S2A,SCC,SRR6798695,SRR6798695_1.fastq,SRR6798695_2.fastq,IU,none,Sample_320-SCC
GSE111354,Vandiver_2021,Sample_321,GSM3029038,S5,SCC,SRR6798696,SRR6798696_1.fastq,SRR6798696_2.fastq,IU,none,Sample_321-SCC
GSE111354,Vandiver_2021,Sample_322,GSM3029039,CC01,SCC,SRR6798697,SRR6798697_1.fastq,SRR6798697_2.fastq,IU,none,Sample_322-SCC
GSE111354,Vandiver_2021,Sample_323,GSM3029040,CC02,SCC,SRR6798698,SRR6798698_1.fastq,SRR6798698_2.fastq,IU,none,Sample_323-SCC
GSE111354,Vandiver_2021,Sample_324,GSM3029041,CC03,SCC,SRR6798699,SRR6798699_1.fastq,SRR6798699_2.fastq,IU,none,Sample_324-SCC
GSE111354,Vandiver_2021,Sample_325,GSM3029042,CC05,SCC,SRR6798700,SRR6798700_1.fastq,SRR6798700_2.fastq,IU,none,Sample_325-SCC
GSE111354,Vandiver_2021,Sample_326,GSM3029043,TS11,SCC,SRR6798701,SRR6798701_1.fastq,SRR6798701_2.fastq,IU,none,Sample_326-SCC
GSE111354,Vandiver_2021,Sample_327,GSM3029044,TS6,SCC,SRR6798702,SRR6798702_1.fastq,SRR6798702_2.fastq,IU,none,Sample_327-SCC
GSE111354,Vandiver_2021,Sample_328,GSM3029045,S4,SCC,SRR6798703,SRR6798703_1.fastq,SRR6798703_2.fastq,IU,none,Sample_328-SCC
GSE111354,Vandiver_2021,Sample_329,GSM3029046,TS4,SCC,SRR6798704,SRR6798704_1.fastq,SRR6798704_2.fastq,IU,none,Sample_329-SCC
GSE111354,Vandiver_2021,Sample_330,GSM3029047,TS10,SCC,SRR6798705,SRR6798705_1.fastq,SRR6798705_2.fastq,IU,none,Sample_330-SCC
GSE111354,Vandiver_2021,Sample_331,GSM3029048,TS13,SCC,SRR6798706,SRR6798706_1.fastq,SRR6798706_2.fastq,IU,none,Sample_331-SCC
GSE111354,Vandiver_2021,Sample_332,GSM3029049,TS14,SCC,SRR6798707,SRR6798707_1.fastq,SRR6798707_2.fastq,IU,none,Sample_332-SCC
GSE111354,Vandiver_2021,Sample_333,GSM3029050,TS15,SCC,SRR6798708,SRR6798708_1.fastq,SRR6798708_2.fastq,IU,none,Sample_333-SCC
GSE111354,Vandiver_2021,Sample_334,GSM3029051,TS16,SCC,SRR6798709,SRR6798709_1.fastq,SRR6798709_2.fastq,IU,none,Sample_334-SCC
GSE111354,Vandiver_2021,Sample_335,GSM3029052,TS18,SCC,SRR6798710,SRR6798710_1.fastq,SRR6798710_2.fastq,IU,none,Sample_335-SCC
GSE111354,Vandiver_2021,Sample_336,GSM3029053,TS20,SCC,SRR6798711,SRR6798711_1.fastq,SRR6798711_2.fastq,IU,none,Sample_336-SCC
GSE111354,Vandiver_2021,Sample_337,GSM3029054,TS22,SCC,SRR6798712,SRR6798712_1.fastq,SRR6798712_2.fastq,IU,none,Sample_337-SCC
GSE235556,Veenstra_2023,Sample_338,GSM7505181,SCC-1,SCC,SRR24991589,SRR24991589_1.fastq,SRR24991589_2.fastq,ISR,reverse,Sample_338-SCC
GSE235556,Veenstra_2023,Sample_339,GSM7505182,SCC-2,SCC,SRR24991588,SRR24991588_1.fastq,SRR24991588_2.fastq,ISR,reverse,Sample_339-SCC
GSE235556,Veenstra_2023,Sample_340,GSM7505183,SCC-3,SCC,SRR24991587,SRR24991587_1.fastq,SRR24991587_2.fastq,ISR,reverse,Sample_340-SCC
GSE235556,Veenstra_2023,Sample_341,GSM7505184,SCC-6,SCC,SRR24991586,SRR24991586_1.fastq,SRR24991586_2.fastq,ISR,reverse,Sample_341-SCC
GSE235556,Veenstra_2023,Sample_342,GSM7505185,SCC-8,SCC,SRR24991585,SRR24991585_1.fastq,SRR24991585_2.fastq,ISR,reverse,Sample_342-SCC
GSE235556,Veenstra_2023,Sample_343,GSM7505186,SCC-9,SCC,SRR24991584,SRR24991584_1.fastq,SRR24991584_2.fastq,ISR,reverse,Sample_343-SCC
GSE235556,Veenstra_2023,Sample_344,GSM7505187,SCC-10,SCC,SRR24991583,SRR24991583_1.fastq,SRR24991583_2.fastq,ISR,reverse,Sample_344-SCC
GSE235556,Veenstra_2023,Sample_345,GSM7505188,SCC-13,SCC,SRR24991582,SRR24991582_1.fastq,SRR24991582_2.fastq,ISR,reverse,Sample_345-SCC
GSE235556,Veenstra_2023,Sample_346,GSM7505189,SCC-14,SCC,SRR24991581,SRR24991581_1.fastq,SRR24991581_2.fastq,ISR,reverse,Sample_346-SCC
GSE235556,Veenstra_2023,Sample_347,GSM7505190,SCC-15,SCC,SRR24991580,SRR24991580_1.fastq,SRR24991580_2.fastq,ISR,reverse,Sample_347-SCC
E-MTAB-6430,Lukowski_2018,Sample_358,ERS2166490,PAT003_BCC,BCC,ERR2274880,ERR2274880_1.fastq.gz,ERR2274880_2.fastq.gz,IU,none,Sample_358-BCC
